player_name,team,position,player_pick
Ladainian Tomlinson,SDC,RB,1
Adrian Peterson,MIN,RB,2
Brian Westbrook,PHI,RB,3
Tom Brady,NEP,QB,4
Joseph Addai,IND,RB,5
Steven Jackson,STL,RB,6
Randy Moss,NEP,WR,7
Marion Barber,DAL,RB,8
Frank Gore,SFO,RB,9
Peyton Manning,IND,QB,10
Clinton Portis,WAS,RB,11
Marshawn Lynch,BUF,RB,12
Terrell Owens,DAL,WR,13
Tony Romo,DAL,QB,14
Reggie Wayne,IND,WR,15
Larry Johnson,KCC,RB,16
Braylon Edwards,CLE,WR,17
Drew Brees,NOS,QB,18
Maurice Jones-Drew,JAC,RB,19
Larry Fitzgerald,ARI,WR,20
Ryan Grant,GBP,RB,21
Andre Johnson,HOU,WR,22
Marques Colston,NOS,WR,23
T.J. Houshmandzadeh,CIN,WR,24
Reggie Bush,NOS,RB,25
Jamal Lewis,CLE,RB,26
Willis McGahee,BAL,RB,27
Carson Palmer,CIN,QB,28
Steve Smith,CAR,WR,29
Plaxico Burress,NYG,WR,30
Chad Ocho Cinco,CIN,WR,31
Ben Roethlisberger,PIT,QB,32
Wes Welker,NEP,WR,33
Torry Holt,STL,WR,34
Darren McFadden,OAK,RB,35
Brandon Jacobs,NYG,RB,36
Laurence Maroney,NEP,RB,37
Willie Parker,PIT,RB,38
Jason Witten,DAL,TE,39
Brandon Marshall,DEN,WR,40
Anquan Boldin,ARI,WR,41
Michael Turner,ATL,RB,42
Santonio Holmes,PIT,WR,43
Antonio Gates,SDC,TE,44
Calvin Johnson,DET,WR,45
Roy Williams,DAL,WR,46
Earnest Graham,TBB,RB,47
Thomas Jones,NYJ,RB,48
Derek Anderson,CLE,QB,49
Kellen Winslow,CLE,TE,50
Donovan McNabb,PHI,QB,51
Greg Jennings,GBP,WR,52
Marvin Harrison,IND,WR,53
Jerricho Cotchery,NYJ,WR,54
Edgerrin James,ARI,RB,55
Tony Gonzalez,KCC,TE,56
Dallas Clark,IND,TE,57
Selvin Young,DEN,RB,58
Matt Hasselbeck,SEA,QB,59
Ronnie Brown,MIA,RB,60
Hines Ward,PIT,WR,61
Lee Evans,BUF,WR,62
Jonathan Stewart,CAR,RB,63
Laveranues Coles,NYJ,WR,64
Dwayne Bowe,KCC,WR,65
Jay Cutler,DEN,QB,66
LenDale White,TEN,RB,67
Chris Cooley,WAS,TE,68
Roddy White,ATL,WR,69
Matt Forte,CHI,RB,70
Chris Chambers,SDC,WR,71
Kevin Smith,DET,RB,72
Jeremy Shockey,NOS,TE,73
Julius Jones,SEA,RB,74
Eli Manning,NYG,QB,75
Donald Driver,GBP,WR,76
Santana Moss,WAS,WR,77
Brett Favre,NYJ,QB,78
Nate Burleson,SEA,WR,79
Fred Taylor,JAC,RB,80
Ricky Williams,MIA,RB,81
David Garrard,JAC,QB,82
DeAngelo Williams,CAR,RB,83
Joey Galloway,TBB,WR,84
Bernard Berrian,MIN,WR,85
Rudi Johnson,DET,RB,86
Patrick Crayton,DAL,WR,87
Anthony Gonzalez,IND,WR,88
Philip Rivers,SDC,QB,89
Marc Bulger,STL,QB,90
Rashard Mendenhall,PIT,RB,91
Chris Johnson,TEN,RB,92
Todd Heap,BAL,TE,93
Vernon Davis,SFO,TE,94
Kevin Curtis,PHI,WR,95
Matt Schaub,HOU,QB,96
Heath Miller,PIT,TE,97
Felix Jones,DAL,RB,98
Chester Taylor,MIN,RB,99
Jake Delhomme,CAR,QB,100
Chris Perry,CIN,RB,101
Nick Folk,DAL,PK,102
Owen Daniels,HOU,TE,103
Donte' Stallworth,CLE,WR,104
Reggie Brown,PHI,WR,105
Aaron Rodgers,GBP,QB,106
Ted Ginn Jr.,MIA,WR,107
Derrick Mason,BAL,WR,108
Stephen Gostkowski,NEP,PK,109
Jon Kitna,DET,QB,110
Tony Scheffler,DEN,TE,111
Justin Fargas,OAK,RB,112
Vincent Jackson,SDC,WR,113
Javon Walker,OAK,WR,114
Ray Rice,BAL,RB,115
Vince Young,TEN,QB,116
Deuce McAllister,NOS,RB,117
Bobby Engram,SEA,WR,118
Kurt Warner,ARI,QB,119
Adam Vinatieri,IND,PK,120
Alge Crumpler,TEN,TE,121
Ahman Green,HOU,RB,122
Jason Campbell,WAS,QB,123
Jerry Porter,JAC,WR,124
DeSean Jackson,PHI,WR,125
Reggie Williams,JAC,WR,126
Sidney Rice,MIN,WR,127
Ahmad Bradshaw,NYG,RB,128
Devin Hester,CHI,WR,129
Nate Kaeding,SDC,PK,130
Steve Slaton,HOU,RB,131
Isaac Bruce,SFO,WR,132
Kenny Watson,CIN,RB,133
Maurice Morris,SEA,RB,134
Jerious Norwood,ATL,RB,135
Ben Watson,NEP,TE,136
Bryant Johnson,SFO,WR,137
Matt Leinart,ARI,QB,138
Mason Crosby,GBP,PK,139
Rob Bironas,TEN,PK,140
D.J. Hackett,CAR,WR,141
Shayne Graham,CIN,PK,142
Greg Olsen,CHI,TE,143
Robert Meachem,NOS,WR,144
Ronald Curry,OAK,WR,145
L.J. Smith,PHI,TE,146
Zach Miller,OAK,TE,147
James Hardy,BUF,WR,148
Kevin Walter,HOU,WR,149
JaMarcus Russell,OAK,QB,150
Jeff Garcia,TBB,QB,151
Josh Brown,STL,PK,152
Jabar Gaffney,NEP,WR,153
Chris Brown,HOU,RB,154
Donald Lee,GBP,TE,155
Pierre Thomas,NOS,RB,156
Kevin Boss,NYG,TE,157
Justin Gage,TEN,WR,158
Leon Washington,NYJ,RB,159
Tim Hightower,ARI,RB,160
Eddie Royal,DEN,WR,161
Tarvaris Jackson,MIN,QB,162
Trent Edwards,BUF,QB,163
Robbie Gould,CHI,PK,164
Muhsin Muhammad,CAR,WR,165
Kevin Jones,CHI,RB,166
Matt Ryan,ATL,QB,167
Ladell Betts,WAS,RB,168
Brandon Jackson,GBP,RB,169
Andre Hall,DEN,RB,170
Deion Branch,SEA,WR,171
J.T. O'Sullivan,SFO,QB,172
Randy McMichael,STL,TE,173
Phil Dawson,CLE,PK,174
Antwaan Randle El,WAS,WR,175
Dustin Keller,NYJ,TE,176
Drew Bennett,STL,WR,177
Warrick Dunn,TBB,RB,178
Josh Scobee,JAC,PK,179
Ben Utecht,CIN,TE,180
Mark Clayton,BAL,WR,181
Amani Toomer,NYG,WR,182
Ryan Torain,DEN,RB,183
Chad Pennington,MIA,QB,184
Tatum Bell,DEN,RB,185
Chris Henry,CIN,WR,186
Steve Smith,NYG,WR,187
Dominic Rhodes,IND,RB,188
Limas Sweed,PIT,WR,189
Neil Rackers,ARI,PK,190
David Akers,PHI,PK,191
Darrell Jackson,DEN,WR,192
Ryan Longwell,MIN,PK,193
Jeff Reed,PIT,PK,194
Sammy Morris,NEP,RB,195
Kris Brown,HOU,PK,196
Jason Hanson,DET,PK,197
Derrick Ward,NYG,RB,198
Darren Sproles,SDC,RB,199
Lamont Jordan,NEP,RB,200
David Patten,NOS,WR,201
James Jones,GBP,WR,202
De'shaun Foster,SFO,RB,203
Fred Jackson,BUF,RB,204
Jason Elam,ATL,PK,205
John Kasay,CAR,PK,206
Marcedes Lewis,JAC,TE,207
Mike Nugent,NYJ,PK,208
Adrian Peterson,MIN,RB,1
Maurice Jones-Drew,JAC,RB,2
Matt Forte,CHI,RB,3
Michael Turner,ATL,RB,4
Larry Fitzgerald,ARI,WR,5
LaDainian Tomlinson,SDC,RB,6
DeAngelo Williams,CAR,RB,7
Steven Jackson,STL,RB,8
Drew Brees,NOS,QB,9
Chris Johnson,TEN,RB,10
Tom Brady,NEP,QB,11
Andre Johnson,HOU,WR,12
Randy Moss,NEP,WR,13
Frank Gore,SFO,RB,14
Steve Slaton,HOU,RB,15
Brian Westbrook,PHI,RB,16
Peyton Manning,IND,QB,17
Calvin Johnson,DET,WR,18
Brandon Jacobs,NYG,RB,19
Reggie Wayne,IND,WR,20
Greg Jennings,GBP,WR,21
Marion Barber,DAL,RB,22
Steve Smith,CAR,WR,23
Aaron Rodgers,GBP,QB,24
Clinton Portis,WAS,RB,25
Roddy White,ATL,WR,26
Anquan Boldin,ARI,WR,27
Marques Colston,NOS,WR,28
Philip Rivers,SDC,QB,29
Ronnie Brown,MIA,RB,30
Ryan Grant,GBP,RB,31
Wes Welker,NEP,WR,32
Terrell Owens,BUF,WR,33
Kurt Warner,ARI,QB,34
Dwayne Bowe,KCC,WR,35
Jason Witten,DAL,TE,36
Kevin Smith,DET,RB,37
Tony Romo,DAL,QB,38
Pierre Thomas,NOS,RB,39
T.J. Houshmandzadeh,SEA,WR,40
Chad Ochocinco,CIN,WR,41
Antonio Gates,SDC,TE,42
Roy Williams,DAL,WR,43
Donovan McNabb,PHI,QB,44
Reggie Bush,NOS,RB,45
Vincent Jackson,SDC,WR,46
Darren McFadden,OAK,RB,47
Tony Gonzalez,ATL,TE,48
Joseph Addai,IND,RB,49
Braylon Edwards,NYJ,WR,50
Brandon Marshall,DEN,WR,51
Matt Ryan,ATL,QB,52
Thomas Jones,NYJ,RB,53
DeSean Jackson,PHI,WR,54
Dallas Clark,IND,TE,55
Marshawn Lynch,BUF,RB,56
Anthony Gonzalez,IND,WR,57
Larry Johnson,CIN,RB,58
Santonio Holmes,PIT,WR,59
Knowshon Moreno,DEN,RB,60
Eddie Royal,DEN,WR,61
Jay Cutler,CHI,QB,62
Willie Parker,PIT,RB,63
Ray Rice,BAL,RB,64
Matt Schaub,HOU,QB,65
Bernard Berrian,MIN,WR,66
Greg Olsen,CHI,TE,67
Derrick Ward,TBB,RB,68
Hines Ward,PIT,WR,69
Antonio Bryant,TBB,WR,70
Lee Evans,BUF,WR,71
Chris Wells,ARI,RB,72
Santana Moss,WAS,WR,73
Carson Palmer,CIN,QB,74
LenDale White,TEN,RB,75
Chris Cooley,WAS,TE,76
Cedric Benson,CIN,RB,77
Felix Jones,DAL,RB,78
Jonathan Stewart,CAR,RB,79
Ben Roethlisberger,PIT,QB,80
Lance Moore,NOS,WR,81
Owen Daniels,HOU,TE,82
Donald Driver,GBP,WR,83
Devin Hester,CHI,WR,84
Jerricho Cotchery,NYJ,WR,85
Kellen Winslow,TBB,TE,86
Laveranues Coles,CIN,WR,87
Eli Manning,NYG,QB,88
Donald Brown,IND,RB,89
Darren Sproles,SDC,RB,90
Kevin Walter,HOU,WR,91
Donnie Avery,STL,WR,92
Matt Hasselbeck,SEA,QB,93
Torry Holt,JAC,WR,94
Julius Jones,SEA,RB,95
Jamal Lewis,CLE,RB,96
Derrick Mason,BAL,WR,97
Leon Washington,NYJ,RB,98
John Carlson,SEA,TE,99
Stephen Gostkowski,NEP,PK,100
Ted Ginn Jr.,MIA,WR,101
Percy Harvin,MIN,WR,102
Matt Cassel,KCC,QB,103
Tim Hightower,ARI,RB,104
Ahmad Bradshaw,NYG,RB,105
Steve Breaston,ARI,WR,106
LeSean McCoy,PHI,RB,107
Jeremy Shockey,NOS,TE,108
Brett Favre,MIN,QB,109
Rashard Mendenhall,PIT,RB,110
David Garrard,JAC,QB,111
Visanthe Shiancoe,MIN,TE,112
Zach Miller,OAK,TE,113
Chris Henry,CIN,WR,114
Domenik Hixon,NYG,WR,115
Dustin Keller,NYJ,TE,116
Trent Edwards,BUF,QB,117
Fred Jackson,BUF,RB,118
Chester Taylor,MIN,RB,119
Rob Bironas,TEN,PK,120
Joe Flacco,BAL,QB,121
Steve Smith,NYG,WR,122
Willis McGahee,BAL,RB,123
Chris Chambers,KCC,WR,124
Josh Morgan,SFO,WR,125
Fred Taylor,NEP,RB,126
Earnest Graham,TBB,RB,127
Michael Crabtree,SFO,WR,128
Kevin Boss,NYG,TE,129
Mason Crosby,GBP,PK,130
Heath Miller,PIT,TE,131
David Akers,PHI,PK,132
Kyle Orton,DEN,QB,133
Jake Delhomme,CAR,QB,134
Patrick Crayton,DAL,WR,135
Nate Kaeding,SDC,PK,136
Earl Bennett,CHI,WR,137
Jerious Norwood,ATL,RB,138
Justin Gage,TEN,WR,139
Chad Pennington,MIA,QB,140
Jeremy Maclin,PHI,WR,141
Ryan Longwell,MIN,PK,142
Laurence Maroney,NEP,RB,143
Le'Ron McClain,BAL,RB,144
James Davis,CLE,RB,145
Hakeem Nicks,NYG,WR,146
Brent Celek,PHI,TE,147
Jason Campbell,WAS,QB,148
Muhsin Muhammad,CAR,WR,149
Vernon Davis,SFO,TE,150
Jason Elam,FA,PK,151
Nate Washington,TEN,WR,152
Kevin Curtis,PHI,WR,153
Shonn Greene,NYJ,RB,154
Mark Sanchez,NYJ,QB,155
Ricky Williams,MIA,RB,156
Jamaal Charles,KCC,RB,157
Anthony Fasano,MIA,TE,158
Carnell Williams,TBB,RB,159
Michael Jenkins,ATL,WR,160
Nate Burleson,SEA,WR,161
Glen Coffee,SFO,RB,162
Michael Bush,OAK,RB,163
Adam Vinatieri,IND,PK,164
Robbie Gould,CHI,PK,165
Tony Scheffler,DEN,TE,166
Mark Clayton,BAL,WR,167
Nick Folk,FA*,PK,168
Neil Rackers,ARI,PK,169
Miles Austin,DAL,WR,170
Kerry Collins,TEN,QB,171
Shaun Hill,SFO,QB,172
Matthew Stafford,DET,QB,173
Correll Buckhalter,DEN,RB,174
Joey Galloway,PIT,WR,175
Jermichael Finley,GBP,TE,176
Bo Scaife,TEN,TE,177
Brady Quinn,CLE,QB,178
Todd Heap,BAL,TE,179
Edgerrin James,FA,RB,180
Marc Bulger,STL,QB,181
Kris Brown,HOU,PK,182
Darrius Heyward-Bey,OAK,WR,183
Sammy Morris,NEP,RB,184
Kevin Faulk,NEP,RB,185
Davone Bess,MIA,WR,186
Deion Branch,SEA,WR,187
Ladell Betts,WAS,RB,188
Isaac Bruce,SFO,WR,189
Sidney Rice,MIN,WR,190
Chaz Schilens,OAK,WR,191
Garrett Hartley,NOS,PK,192
John Carney,FA*,PK,193
John Kasay,CAR,PK,194
JaMarcus Russell,OAK,QB,195
Brandon Pettigrew,DET,TE,196
Michael Vick,PHI,QB,197
Lawrence Tynes,NYG,PK,198
Robert Meachem,NOS,WR,199
Devery Henderson,NOS,WR,200
Jeff Reed,PIT,PK,201
Bernard Scott,CIN,RB,202
Tashard Choice,DAL,RB,203
Brian Robiskie,CLE,WR,204
Josh Brown,STL,PK,205
Peyton Hillis,DEN,RB,206
Laurent Robinson,STL,WR,207
Matt Leinart,ARI,QB,208
Justin Fargas,OAK,RB,209
Rian Lindell,BUF,PK,210
Matt Prater,DEN,PK,211
Shayne Graham,CIN,PK,212
Chris Johnson,TEN,RB,1
Adrian Peterson,MIN,RB,2
Maurice Jones-Drew,JAC,RB,3
Ray Rice,BAL,RB,4
Aaron Rodgers,GBP,QB,5
Frank Gore,SFO,RB,6
Andre Johnson,HOU,WR,7
Drew Brees,NOS,QB,8
Michael Turner,ATL,RB,9
Peyton Manning,IND,QB,10
Steven Jackson,STL,RB,11
Randy Moss,TEN,WR,12
Reggie Wayne,IND,WR,13
Rashard Mendenhall,PIT,RB,14
Tom Brady,NEP,QB,15
DeAngelo Williams,CAR,RB,16
Larry Fitzgerald,ARI,WR,17
Ryan Mathews,SDC,RB,18
Calvin Johnson,DET,WR,19
Miles Austin,DAL,WR,20
Roddy White,ATL,WR,21
Ryan Grant,GBP,RB,22
Tony Romo,DAL,QB,23
Matt Schaub,HOU,QB,24
Brandon Marshall,MIA,WR,25
Shonn Greene,NYJ,RB,26
Greg Jennings,GBP,WR,27
DeSean Jackson,PHI,WR,28
Cedric Benson,CIN,RB,29
Marques Colston,NOS,WR,30
Philip Rivers,SDC,QB,31
Jamaal Charles,KCC,RB,32
Pierre Thomas,NOS,RB,33
Anquan Boldin,BAL,WR,34
Dallas Clark,IND,TE,35
LeSean McCoy,PHI,RB,36
Antonio Gates,SDC,TE,37
Steve Smith,NYG,WR,38
Wes Welker,NEP,WR,39
Steve Smith,CAR,WR,40
Joseph Addai,IND,RB,41
Chris Wells,ARI,RB,42
Chad Ochocinco,CIN,WR,43
Knowshon Moreno,DEN,RB,44
Matt Forte,CHI,RB,45
Jahvid Best,DET,RB,46
Jermichael Finley,GBP,TE,47
Michael Crabtree,SFO,WR,48
Vernon Davis,SFO,TE,49
Jonathan Stewart,CAR,RB,50
Jason Witten,DAL,TE,51
Ronnie Brown,MIA,RB,52
Joe Flacco,BAL,QB,53
C.J. Spiller,BUF,RB,54
Mike Sims-Walker,JAC,WR,55
Dwayne Bowe,KCC,WR,56
Hakeem Nicks,NYG,WR,57
Percy Harvin,MIN,WR,58
Arian Foster,HOU,RB,59
Hines Ward,PIT,WR,60
Felix Jones,DAL,RB,61
Brent Celek,PHI,TE,62
Pierre Garcon,IND,WR,63
Kevin Kolb,PHI,QB,64
Tony Gonzalez,ATL,TE,65
Brett Favre,MIN,QB,66
Reggie Bush,NOS,RB,67
Matt Ryan,ATL,QB,68
Jay Cutler,CHI,QB,69
Donald Driver,GBP,WR,70
Carson Palmer,CIN,QB,71
Mike Wallace,PIT,WR,72
Marion Barber,DAL,RB,73
Terrell Owens,CIN,WR,74
Ahmad Bradshaw,NYG,RB,75
Eli Manning,NYG,QB,76
Jeremy Maclin,PHI,WR,77
Santana Moss,WAS,WR,78
Brandon Jacobs,NYG,RB,79
Dez Bryant,DAL,WR,80
Malcom Floyd,SDC,WR,81
Jerome Harrison,PHI,RB,82
Owen Daniels,HOU,TE,83
Ricky Williams,MIA,RB,84
Robert Meachem,NOS,WR,85
Johnny Knox,CHI,WR,86
Clinton Portis,WAS,RB,87
Justin Forsett,SEA,RB,88
Visanthe Shiancoe,MIN,TE,89
Carnell Williams,TBB,RB,90
Chris Cooley,WAS,TE,91
Donovan McNabb,WAS,QB,92
LaDainian Tomlinson,NYJ,RB,93
T.J. Houshmandzadeh,BAL,WR,94
Kellen Winslow,TBB,TE,95
Zach Miller,OAK,TE,96
Santonio Holmes,NYJ,WR,97
Michael Bush,OAK,RB,98
Braylon Edwards,NYJ,WR,99
Ben Roethlisberger,PIT,QB,100
Steve Breaston,ARI,WR,101
Matthew Stafford,DET,QB,102
Thomas Jones,KCC,RB,103
Derrick Mason,BAL,WR,104
Darren McFadden,OAK,RB,105
Donald Brown,IND,RB,106
Bernard Berrian,MIN,WR,107
Tim Hightower,ARI,RB,108
Lee Evans,BUF,WR,109
Devin Aromashodu,CHI,WR,110
Nate Kaeding,SDC,PK,111
Darren Sproles,SDC,RB,112
Chad Henne,MIA,QB,113
Eddie Royal,DEN,WR,114
Kenny Britt,TEN,WR,115
Heath Miller,PIT,TE,116
Jabar Gaffney,DEN,WR,117
Garrett Hartley,NOS,PK,118
Montario Hardesty,CLE,RB,119
Devin Hester,CHI,WR,120
Fred Jackson,BUF,RB,121
Mike Williams,TBB,WR,122
Vince Young,TEN,QB,123
Steve Slaton,HOU,RB,124
Laurence Maroney,DEN,RB,125
Mark Sanchez,NYJ,QB,126
Alex Smith,SFO,QB,127
Stephen Gostkowski,NEP,PK,128
Mason Crosby,GBP,PK,129
Chester Taylor,CHI,RB,130
Austin Collie,IND,WR,131
John Carlson,SEA,TE,132
Ryan Longwell,MIN,PK,133
Mohamed Massaquoi,CLE,WR,134
Jacoby Jones,HOU,WR,135
Greg Olsen,CHI,TE,136
Jeremy Shockey,NOS,TE,137
David Akers,PHI,PK,138
Dustin Keller,NYJ,TE,139
Willis McGahee,BAL,RB,140
Matt Cassel,KCC,QB,141
Leon Washington,SEA,RB,142
Kyle Orton,DEN,QB,143
Jerricho Cotchery,NYJ,WR,144
Rob Bironas,TEN,PK,145
Jermaine Gresham,CIN,TE,146
Dexter McCluster,KCC,WR,147
Laurent Robinson,STL,WR,148
Julian Edelman,NEP,WR,149
Anthony Gonzalez,IND,WR,150
David Garrard,JAC,QB,151
Demaryius Thomas,DEN,WR,152
Sam Bradford,STL,QB,153
Nate Burleson,DET,WR,154
Golden Tate,SEA,WR,155
Chris Chambers,KCC,WR,156
Roy Williams,DAL,WR,157
Kareem Huggins,TBB,RB,158
Adam Vinatieri,IND,PK,159
Jason Campbell,OAK,QB,160
Todd Heap,BAL,TE,161
Josh Cribbs,CLE,WR,162
Donnie Avery,STL,WR,163
Kevin Boss,NYG,TE,164
Matt Hasselbeck,SEA,QB,165
Mario Manningham,NYG,WR,166
Bernard Scott,CIN,RB,167
Toby Gerhart,MIN,RB,168
Larry Johnson,FA*,RB,169
Devery Henderson,NOS,WR,170
Matt Leinart,HOU,QB,171
Mike Williams,SEA,WR,172
Matt Prater,DEN,PK,173
Legedu Naanee,SDC,WR,174
Derek Anderson,ARI,QB,175
Louis Murphy,OAK,WR,176
Fred Taylor,NEP,RB,177
Kevin Smith,DET,RB,178
Neil Rackers,HOU,PK,179
Robbie Gould,CHI,PK,180
Kevin Walter,HOU,WR,181
Tashard Choice,DAL,RB,182
Devin Thomas,NYG,WR,183
Lawrence Tynes,NYG,PK,184
Correll Buckhalter,DEN,RB,185
Marshawn Lynch,SEA,RB,186
James Jones,GBP,WR,187
Josh Freeman,TBB,QB,188
Brian Westbrook,SFO,RB,189
Chaz Schilens,OAK,WR,190
Mike Thomas,JAC,WR,191
Sebastian Janikowski,OAK,PK,192
David Buehler,DAL,PK,193
Rob Gronkowski,NEP,TE,194
Tony Scheffler,DET,TE,195
Jay Feely,ARI,PK,196
Javon Ringer,TEN,RB,197
Matt Moore,CAR,QB,198
Fred Davis,WAS,TE,199
Jeff Reed,SFO,PK,200
Lance Moore,NOS,WR,201
Davone Bess,MIA,WR,202
Nick Folk,NYJ,PK,203
Aaron Hernandez,NEP,TE,204
Nate Washington,TEN,WR,205
Rashad Jennings,JAC,RB,206
Anthony Dixon,SFO,RB,207
Dan Carpenter,MIA,PK,208
Mike Bell,CLE,RB,209
Jason Snelling,ATL,RB,210
Anthony Fasano,MIA,TE,211
Matt Bryant,ATL,PK,212
Shayne Graham,NEP,PK,213
Joe Nedney,SFO,PK,214
Adrian Peterson,MIN,RB,1
Arian Foster,HOU,RB,2
Ray Rice,BAL,RB,3
Chris Johnson,TEN,RB,4
Jamaal Charles,KCC,RB,5
Aaron Rodgers,GBP,QB,6
LeSean McCoy,PHI,RB,7
Michael Vick,PHI,QB,8
Andre Johnson,HOU,WR,9
Rashard Mendenhall,PIT,RB,10
Maurice Jones-Drew,JAC,RB,11
Calvin Johnson,DET,WR,12
Roddy White,ATL,WR,13
Tom Brady,NEP,QB,14
Darren McFadden,OAK,RB,15
Larry Fitzgerald,ARI,WR,16
Drew Brees,NOS,QB,17
Michael Turner,ATL,RB,18
Philip Rivers,SDC,QB,19
Frank Gore,SFO,RB,20
Greg Jennings,GBP,WR,21
Hakeem Nicks,NYG,WR,22
Matt Forte,CHI,RB,23
Steven Jackson,STL,RB,24
Vincent Jackson,SDC,WR,25
Peyton Hillis,CLE,RB,26
Mike Wallace,PIT,WR,27
DeSean Jackson,PHI,WR,28
Miles Austin,DAL,WR,29
Reggie Wayne,IND,WR,30
LeGarrette Blount,TBB,RB,31
Dwayne Bowe,KCC,WR,32
Ahmad Bradshaw,NYG,RB,33
Antonio Gates,SDC,TE,34
Peyton Manning,IND,QB,35
Tony Romo,DAL,QB,36
Jahvid Best,DET,RB,37
Felix Jones,DAL,RB,38
Dez Bryant,DAL,WR,39
Mike Williams,TBB,WR,40
Wes Welker,NEP,WR,41
Shonn Greene,NYJ,RB,42
Matt Ryan,ATL,QB,43
Ryan Mathews,SDC,RB,44
Brandon Marshall,MIA,WR,45
Jermichael Finley,GBP,TE,46
Matt Schaub,HOU,QB,47
Jason Witten,DAL,TE,48
DeAngelo Williams,CAR,RB,49
Marques Colston,NOS,WR,50
Brandon Lloyd,STL,WR,51
Santonio Holmes,NYJ,WR,52
Mark Ingram,NOS,RB,53
Knowshon Moreno,DEN,RB,54
Ben Roethlisberger,PIT,QB,55
Dallas Clark,IND,TE,56
Steve Johnson,BUF,WR,57
Anquan Boldin,BAL,WR,58
Jeremy Maclin,PHI,WR,59
Vernon Davis,SFO,TE,60
Percy Harvin,MIN,WR,61
Ryan Grant,GBP,RB,62
Mario Manningham,NYG,WR,63
Chad Ochocinco,NEP,WR,64
Cedric Benson,CIN,RB,65
Beanie Wells,ARI,RB,66
Kenny Britt,TEN,WR,67
BenJarvus Green-Ellis,NEP,RB,68
Matthew Stafford,DET,QB,69
Josh Freeman,TBB,QB,70
Julio Jones,ATL,WR,71
Owen Daniels,HOU,TE,72
Austin Collie,IND,WR,73
Joseph Addai,IND,RB,74
Jimmy Graham,NOS,TE,75
Tim Hightower,WAS,RB,76
Marshawn Lynch,SEA,RB,77
Reggie Bush,MIA,RB,78
Fred Jackson,BUF,RB,79
Sidney Rice,SEA,WR,80
Eli Manning,NYG,QB,81
Santana Moss,WAS,WR,82
Sam Bradford,STL,QB,83
Pierre Garcon,IND,WR,84
Daniel Thomas,MIA,RB,85
Jonathan Stewart,CAR,RB,86
Joe Flacco,BAL,QB,87
Plaxico Burress,NYJ,WR,88
A.J. Green,CIN,WR,89
Marcedes Lewis,JAC,TE,90
Steve Smith,CAR,WR,91
Mike Tolbert,SDC,RB,92
Mike Thomas,JAC,WR,93
Rob Gronkowski,NEP,TE,94
Brandon Jacobs,NYG,RB,95
Danny Amendola,STL,WR,96
Kevin Kolb,ARI,QB,97
Kellen Winslow,TBB,TE,98
Lance Moore,NOS,WR,99
C.J. Spiller,BUF,RB,100
James Starks,GBP,RB,101
Michael Crabtree,SFO,WR,102
Mike Sims-Walker,JAC,WR,103
Johnny Knox,CHI,WR,104
Pierre Thomas,NOS,RB,105
Brandon Pettigrew,DET,TE,106
Jay Cutler,CHI,QB,107
Tony Gonzalez,ATL,TE,108
Malcom Floyd,SDC,WR,109
Braylon Edwards,FA,WR,110
Lee Evans,BAL,WR,111
Jacoby Ford,OAK,WR,112
Hines Ward,PIT,WR,113
Mark Sanchez,NYJ,QB,114
Matt Cassel,KCC,QB,115
LaDainian Tomlinson,NYJ,RB,116
Michael Bush,OAK,RB,117
Jordy Nelson,GBP,WR,118
Nate Kaeding,SDC,PK,119
Sebastian Janikowski,OAK,PK,120
Willis McGahee,DEN,RB,121
Aaron Hernandez,NEP,TE,122
Zach Miller,SEA,TE,123
Kyle Orton,KCC,QB,124
Davone Bess,MIA,WR,125
Danny Woodhead,NEP,RB,126
Nate Burleson,DET,WR,127
Mason Crosby,GBP,PK,128
Stephen Gostkowski,NEP,PK,129
Donovan McNabb,MIN,QB,130
Ryan Torain,FA,RB,131
Greg Olsen,CAR,TE,132
Dustin Keller,NYJ,TE,133
Ben Tate,HOU,RB,134
Roy Williams,CHI,WR,135
Robert Meachem,NOS,WR,136
Chris Cooley,WAS,TE,137
Ryan Fitzpatrick,BUF,QB,138
Roy Helu,WAS,RB,139
Greg Little,CLE,WR,140
Mike Williams,SEA,WR,141
Ronnie Brown,PHI,RB,142
Darren Sproles,NOS,RB,143
Colt McCoy,CLE,QB,144
Deion Branch,NEP,WR,145
Neil Rackers,HOU,PK,146
Antonio Brown,PIT,WR,147
Jared Cook,TEN,TE,148
Delone Carter,IND,RB,149
Steve Smith,PHI,WR,150
Matt Bryant,ATL,PK,151
Cam Newton,CAR,QB,152
Brent Celek,PHI,TE,153
Garrett Hartley,NOS,PK,154
Donald Driver,GBP,WR,155
James Jones,GBP,WR,156
Lance Kendricks,STL,TE,157
Thomas Jones,KCC,RB,158
Montario Hardesty,CLE,RB,159
Javon Ringer,TEN,RB,160
Alex Henery,PHI,PK,161
Marion Barber,CHI,RB,162
DeMarco Murray,DAL,RB,163
Adam Vinatieri,IND,PK,164
Jermaine Gresham,CIN,TE,165
Steve Breaston,KCC,WR,166
Josh Brown,STL,PK,167
Emmanuel Sanders,PIT,WR,168
Heath Miller,PIT,TE,169
Todd Heap,ARI,TE,170
Jerome Harrison,DET,RB,171
Visanthe Shiancoe,MIN,TE,172
David Garrard,FA,QB,173
Matt Hasselbeck,TEN,QB,174
Jerome Simpson,CIN,WR,175
David Akers,SFO,PK,176
Jason Campbell,OAK,QB,177
Arrelious Benn,TBB,WR,178
Kendall Hunter,SFO,RB,179
Rob Bironas,TEN,PK,180
Andre Roberts,ARI,WR,181
Ricky Williams,BAL,RB,182
Bernard Scott,CIN,RB,183
Denarius Moore,OAK,WR,184
Bernard Berrian,FA,WR,185
Jason Snelling,ATL,RB,186
Tashard Choice,BUF,RB,187
Devin Hester,CHI,WR,188
Tim Tebow,DEN,QB,189
Chad Henne,MIA,QB,190
Robbie Gould,CHI,PK,191
Earl Bennett,CHI,WR,192
Stevan Ridley,NEP,RB,193
Shane Vereen,NEP,RB,194
Eddie Royal,DEN,WR,195
Ben Watson,CLE,TE,196
Nick Folk,NYJ,PK,197
Billy Cundiff,BAL,PK,198
Donald Brown,IND,RB,199
Dan Carpenter,MIA,PK,200
Ryan Longwell,MIN,PK,201
Shaun Suisham,PIT,PK,202
Mark Clayton,STL,WR,203
Jacoby Jones,HOU,WR,204
Toby Gerhart,MIN,RB,205
Jason Hanson,DET,PK,206
Derrick Mason,FA,WR,207
Jay Feely,ARI,PK,208
David Buehler,DAL,PK,209
Arian Foster,HOU,RB,1
Aaron Rodgers,GBP,QB,2
Ray Rice,BAL,RB,3
LeSean McCoy,PHI,RB,4
Tom Brady,NEP,QB,5
Calvin Johnson,DET,WR,6
Drew Brees,NOS,QB,7
Chris Johnson,TEN,RB,8
Darren McFadden,OAK,RB,9
Matt Forte,CHI,RB,10
Matthew Stafford,DET,QB,11
Cam Newton,CAR,QB,12
Jimmy Graham,NOS,TE,13
Maurice Jones-Drew,JAC,RB,14
Rob Gronkowski,NEP,TE,15
Larry Fitzgerald,ARI,WR,16
DeMarco Murray,DAL,RB,17
Julio Jones,ATL,WR,18
Adrian Peterson,MIN,RB,19
Andre Johnson,HOU,WR,20
Wes Welker,NEP,WR,21
Jamaal Charles,KCC,RB,22
Marshawn Lynch,SEA,RB,23
A.J. Green,CIN,WR,24
Roddy White,ATL,WR,25
Ryan Mathews,SDC,RB,26
Greg Jennings,GBP,WR,27
Victor Cruz,NYG,WR,28
Trent Richardson,CLE,RB,29
Brandon Marshall,CHI,WR,30
Steven Jackson,STL,RB,31
Darren Sproles,NOS,RB,32
Fred Jackson,BUF,RB,33
Jordy Nelson,GBP,WR,34
Hakeem Nicks,NYG,WR,35
Eli Manning,NYG,QB,36
Michael Turner,ATL,RB,37
Ahmad Bradshaw,NYG,RB,38
Matt Ryan,ATL,QB,39
Mike Wallace,PIT,WR,40
Frank Gore,SFO,RB,41
Dez Bryant,DAL,WR,42
Doug Martin,TBB,RB,43
Marques Colston,NOS,WR,44
Michael Vick,PHI,QB,45
Steve Smith,CAR,WR,46
Percy Harvin,MIN,WR,47
Aaron Hernandez,NEP,TE,48
Antonio Gates,SDC,TE,49
Demaryius Thomas,DEN,WR,50
Reggie Bush,MIA,RB,51
Peyton Manning,DEN,QB,52
Tony Romo,DAL,QB,53
Vernon Davis,SFO,TE,54
Antonio Brown,PIT,WR,55
Brandon Lloyd,NEP,WR,56
Eric Decker,DEN,WR,57
Jeremy Maclin,PHI,WR,58
Miles Austin,DAL,WR,59
Vincent Jackson,TBB,WR,60
Dwayne Bowe,KCC,WR,61
Jermichael Finley,GBP,TE,62
Philip Rivers,SDC,QB,63
DeSean Jackson,PHI,WR,64
Willis McGahee,DEN,RB,65
BenJarvus Green-Ellis,CIN,RB,66
Stevie Johnson,BUF,WR,67
Shonn Greene,NYJ,RB,68
Torrey Smith,BAL,WR,69
Jason Witten,DAL,TE,70
Reggie Wayne,IND,WR,71
Pierre Garcon,WAS,WR,72
Robert Griffin III,WAS,QB,73
Beanie Wells,ARI,RB,74
Brandon Pettigrew,DET,TE,75
Jonathan Stewart,CAR,RB,76
Donald Brown,IND,RB,77
Stevan Ridley,NEP,RB,78
Kenny Britt,TEN,WR,79
Ben Roethlisberger,PIT,QB,80
Peyton Hillis,KCC,RB,81
Jay Cutler,CHI,QB,82
Roy Helu,WAS,RB,83
Matt Schaub,HOU,QB,84
Tony Gonzalez,ATL,TE,85
Fred Davis,WAS,TE,86
Robert Meachem,SDC,WR,87
Isaac Redman,PIT,RB,88
C.J. Spiller,BUF,RB,89
Cedric Benson,GBP,RB,90
Justin Blackmon,JAC,WR,91
Mark Ingram,NOS,RB,92
Ben Tate,HOU,RB,93
Titus Young,DET,WR,94
DeAngelo Williams,CAR,RB,95
Kevin Smith,DET,RB,96
Denarius Moore,OAK,WR,97
Andrew Luck,IND,QB,98
David Wilson,NYG,RB,99
Jacob Tamme,DEN,TE,100
Malcom Floyd,SDC,WR,101
Michael Crabtree,SFO,WR,102
Anquan Boldin,BAL,WR,103
Darrius Heyward-Bey,OAK,WR,104
Michael Bush,CHI,RB,105
Ryan Williams,ARI,RB,106
Jermaine Gresham,CIN,TE,107
Santonio Holmes,NYJ,WR,108
David Akers,SFO,PK,109
Joe Flacco,BAL,QB,110
Lance Moore,NOS,WR,111
Greg Little,CLE,WR,112
Sidney Rice,SEA,WR,113
Nate Washington,TEN,WR,114
Rashad Jennings,JAC,RB,115
Stephen Gostkowski,NEP,PK,116
Toby Gerhart,MIN,RB,117
Jared Cook,TEN,TE,118
Randy Moss,SFO,WR,119
Josh Freeman,TBB,QB,120
Brent Celek,PHI,TE,121
Greg Olsen,CAR,TE,122
Andy Dalton,CIN,QB,123
Rashard Mendenhall,PIT,RB,124
Sebastian Janikowski,OAK,PK,125
Jacquizz Rodgers,ATL,RB,126
Mike Williams,TBB,WR,127
Jahvid Best,DET,RB,128
Mason Crosby,GBP,PK,129
Mikel Leshoure,DET,RB,130
Owen Daniels,HOU,TE,131
Kendall Wright,TEN,WR,132
LeGarrette Blount,TBB,RB,133
Carson Palmer,OAK,QB,134
Danny Amendola,STL,WR,135
Ryan Fitzpatrick,BUF,QB,136
Coby Fleener,IND,TE,137
Alex Smith,SFO,QB,138
Randall Cobb,GBP,WR,139
Pierre Thomas,NOS,RB,140
James Starks,GBP,RB,141
Kyle Rudolph,MIN,TE,142
Brandon LaFell,CAR,WR,143
Ronnie Hillman,DEN,RB,144
Russell Wilson,SEA,QB,145
Dustin Keller,NYJ,TE,146
Austin Collie,IND,WR,147
Jake Locker,TEN,QB,148
Garrett Hartley,NOS,PK,149
Dan Bailey,DAL,PK,150
Felix Jones,DAL,RB,151
Sam Bradford,STL,QB,152
Michael Floyd,ARI,WR,153
Evan Royster,WAS,RB,154
Kendall Hunter,SFO,RB,155
Alshon Jeffery,CHI,WR,156
Laurent Robinson,JAC,WR,157
Alfred Morris,WAS,RB,158
Daniel Thomas,MIA,RB,159
Matt Prater,DEN,PK,160
Isaiah Pead,STL,RB,161
Santana Moss,WAS,WR,162
Brian Quick,STL,WR,163
Mario Manningham,SFO,WR,164
Jon Baldwin,KCC,WR,165
Shane Vereen,NEP,RB,166
Jason Hanson,DET,PK,167
Davone Bess,MIA,WR,168
Robert Turbin,SEA,RB,169
Alex Henery,PHI,PK,170
Doug Baldwin,SEA,WR,171
Robbie Gould,CHI,PK,172
Ronnie Brown,SDC,RB,173
Martellus Bennett,NYG,TE,174
Tim Hightower,FA*,RB,175
Jonathan Dwyer,PIT,RB,176
Kellen Winslow,FA,TE,177
Matt Bryant,ATL,PK,178
Jerome Simpson,MIN,WR,179
Matt Cassel,KCC,QB,180
Matt Flynn,SEA,QB,181
Christian Ponder,MIN,QB,182
Vincent Brown,SDC,WR,183
Mark Sanchez,NYJ,QB,184
Rob Bironas,TEN,PK,185
Heath Miller,PIT,TE,186
Nate Kaeding,MIA,PK,187
Steve Smith,STL,WR,188
Dallas Clark,TBB,TE,189
Nate Burleson,DET,WR,190
Shayne Graham,HOU,PK,191
Mike Goodson,OAK,RB,192
Alex Green,GBP,RB,193
Tim Tebow,NYJ,QB,194
Rueben Randle,NYG,WR,195
Mike Tolbert,CAR,RB,196
Adam Vinatieri,IND,PK,197
James Jones,GBP,WR,198
Ed Dickson,BAL,TE,199
Taiwan Jones,OAK,RB,200
Emmanuel Sanders,PIT,WR,201
Tony Moeaki,KCC,TE,202
LaMichael James,SFO,RB,203
Leonard Hankerson,WAS,WR,204
Mike Nugent,CIN,PK,205
Montario Hardesty,CLE,RB,206
Bernard Scott,CIN,RB,207
Devery Henderson,NOS,WR,208
Lawrence Tynes,NYG,PK,209
Adrian Peterson,MIN,RB,1
Doug Martin,TBB,RB,2
Arian Foster,HOU,RB,3
Jamaal Charles,KCC,RB,4
Calvin Johnson,DET,WR,5
Ray Rice,BAL,RB,6
C.J. Spiller,BUF,RB,7
Marshawn Lynch,SEA,RB,8
Trent Richardson,IND,RB,9
LeSean McCoy,PHI,RB,10
Aaron Rodgers,GBP,QB,11
A.J. Green,CIN,WR,12
Dez Bryant,DAL,WR,13
Alfred Morris,WAS,RB,14
Drew Brees,NOS,QB,15
Matt Forte,CHI,RB,16
Brandon Marshall,CHI,WR,17
Julio Jones,ATL,WR,18
Jimmy Graham,NOS,TE,19
Chris Johnson,TEN,RB,20
Steven Jackson,ATL,RB,21
Demaryius Thomas,DEN,WR,22
Peyton Manning,DEN,QB,23
Reggie Bush,DET,RB,24
Larry Fitzgerald,ARI,WR,25
Maurice Jones-Drew,JAC,RB,26
Andre Johnson,HOU,WR,27
Stevan Ridley,NEP,RB,28
Randall Cobb,GBP,WR,29
Roddy White,ATL,WR,30
Victor Cruz,NYG,WR,31
Tom Brady,NEP,QB,32
Frank Gore,SFO,RB,33
DeMarco Murray,DAL,RB,34
David Wilson,NYG,RB,35
Cam Newton,CAR,QB,36
Darren Sproles,NOS,RB,37
Vincent Jackson,TBB,WR,38
Wes Welker,DEN,WR,39
Matt Ryan,ATL,QB,40
Darren McFadden,OAK,RB,41
Marques Colston,NOS,WR,42
Danny Amendola,NEP,WR,43
Dwayne Bowe,KCC,WR,44
Rob Gronkowski,NEP,TE,45
Reggie Wayne,IND,WR,46
Lamar Miller,MIA,RB,47
Colin Kaepernick,SFO,QB,48
Eddie Lacy,GBP,RB,49
Jason Witten,DAL,TE,50
Jordy Nelson,GBP,WR,51
Hakeem Nicks,NYG,WR,52
Matthew Stafford,DET,QB,53
Torrey Smith,BAL,WR,54
Pierre Garcon,WAS,WR,55
Vernon Davis,SFO,TE,56
Andrew Luck,IND,QB,57
Eric Decker,DEN,WR,58
Antonio Brown,PIT,WR,59
Robert Griffin III,WAS,QB,60
Tony Gonzalez,ATL,TE,61
Ryan Mathews,SDC,RB,62
Montee Ball,DEN,RB,63
Mike Wallace,MIA,WR,64
Giovani Bernard,CIN,RB,65
Steve Smith,CAR,WR,66
Russell Wilson,SEA,QB,67
DeSean Jackson,PHI,WR,68
Tony Romo,DAL,QB,69
James Jones,GBP,WR,70
T.Y. Hilton,IND,WR,71
Ahmad Bradshaw,IND,RB,72
Daryl Richardson,STL,RB,73
Le'Veon Bell,PIT,RB,74
Chris Ivory,NYJ,RB,75
Tavon Austin,STL,WR,76
Shane Vereen,NEP,RB,77
Stevie Johnson,BUF,WR,78
Jermichael Finley,GBP,TE,79
Greg Jennings,MIN,WR,80
Cecil Shorts,JAC,WR,81
Rashard Mendenhall,ARI,RB,82
Miles Austin,DAL,WR,83
Anquan Boldin,SFO,WR,84
Kyle Rudolph,MIN,TE,85
Greg Olsen,CAR,TE,86
DeAngelo Williams,CAR,RB,87
BenJarvus Green-Ellis,CIN,RB,88
Josh Gordon,CLE,WR,89
Eli Manning,NYG,QB,90
Mike Williams,TBB,WR,91
Mark Ingram,NOS,RB,92
Ben Tate,HOU,RB,93
Kenny Britt,TEN,WR,94
Jared Cook,STL,TE,95
Lance Moore,NOS,WR,96
Antonio Gates,SDC,TE,97
Owen Daniels,HOU,TE,98
Michael Vick,PHI,QB,99
Andy Dalton,CIN,QB,100
Andre Brown,NYG,RB,101
DeAndre Hopkins,HOU,WR,102
Chris Givens,STL,WR,103
Justin Blackmon,JAC,WR,104
Golden Tate,SEA,WR,105
Kenbrell Thompkins,NEP,WR,106
Vincent Brown,SDC,WR,107
Michael Floyd,ARI,WR,108
Jordan Cameron,CLE,TE,109
Emmanuel Sanders,PIT,WR,110
Ronnie Hillman,DEN,RB,111
Vick Ballard,IND,RB,112
Sidney Rice,SEA,WR,113
Bryce Brown,PHI,RB,114
Ben Roethlisberger,PIT,QB,115
Stephen Gostkowski,NEP,PK,116
Bernard Pierce,BAL,RB,117
Alshon Jeffery,CHI,WR,118
Jay Cutler,CHI,QB,119
Danny Woodhead,SDC,RB,120
Brandon Myers,NYG,TE,121
Joe Flacco,BAL,QB,122
Martellus Bennett,CHI,TE,123
Brandon Pettigrew,DET,TE,124
Denarius Moore,OAK,WR,125
Fred Jackson,BUF,RB,126
Jonathan Stewart,CAR,RB,127
Matt Schaub,HOU,QB,128
Blair Walsh,MIN,PK,129
Cordarrelle Patterson,MIN,WR,130
Sam Bradford,STL,QB,131
Zach Sudfeld,NYJ,TE,132
Kendall Wright,TEN,WR,133
Carson Palmer,ARI,QB,134
Pierre Thomas,NOS,RB,135
Matt Bryant,ATL,PK,136
Fred Davis,WAS,TE,137
Ryan Broyles,DET,WR,138
Jacquizz Rodgers,ATL,RB,139
Brian Hartline,MIA,WR,140
Rueben Randle,NYG,WR,141
Jermaine Gresham,CIN,TE,142
Matt Prater,DEN,PK,143
Josh Freeman,MIN,QB,144
Mikel Leshoure,DET,RB,145
Tyler Eifert,CIN,TE,146
Phil Dawson,SFO,PK,147
Isaiah Pead,STL,RB,148
Isaac Redman,FA,RB,149
Philip Rivers,SDC,QB,150
Johnathan Franklin,GBP,RB,151
Aaron Dobson,NEP,WR,152
Joique Bell,DET,RB,153
Darrius Heyward-Bey,IND,WR,154
Alex Smith,KCC,QB,155
Knowshon Moreno,DEN,RB,156
Christine Michael,SEA,RB,157
Ryan Tannehill,MIA,QB,158
Michael Bush,CHI,RB,159
Sebastian Janikowski,OAK,PK,160
Jonathan Dwyer,PIT,RB,161
Coby Fleener,IND,TE,162
Greg Little,CLE,WR,163
Greg Zuerlein,STL,PK,164
Mohamed Sanu,CIN,WR,165
Malcom Floyd,SDC,WR,166
Justin Tucker,BAL,PK,167
E.J. Manuel,BUF,QB,168
Shonn Greene,TEN,RB,169
Bilal Powell,NYJ,RB,170
Roy Helu,WAS,RB,171
Heath Miller,PIT,TE,172
Julius Thomas,DEN,TE,173
Zac Stacy,STL,RB,174
Joseph Randle,DAL,RB,175
Brandon LaFell,CAR,WR,176
LaMichael James,SFO,RB,177
Robert Housler,ARI,TE,178
Brandon Weeden,CLE,QB,179
David Akers,DET,PK,180
Dwayne Allen,IND,TE,181
Robert Woods,BUF,WR,182
Dan Bailey,DAL,PK,183
Garrett Hartley,FA,PK,184
Markus Wheaton,PIT,WR,185
Randy Bullock,HOU,PK,186
Jacoby Jones,BAL,WR,187
Kendall Hunter,SFO,RB,188
Julian Edelman,NEP,WR,189
Andre Roberts,ARI,WR,190
Daniel Thomas,MIA,RB,191
Jake Locker,TEN,QB,192
Ryan Williams,ARI,RB,193
Knile Davis,KCC,RB,194
Kenny Stills,NOS,WR,195
Rod Streater,OAK,WR,196
Santonio Holmes,NYJ,WR,197
Marcel Reece,OAK,RB,198
Ed Dickson,BAL,TE,199
Steven Hauschka,SEA,PK,200
Brent Celek,PHI,TE,201
Zach Miller,SEA,TE,202
Mason Crosby,GBP,PK,203
Keenan Allen,SDC,WR,204
Robbie Gould,CHI,PK,205
Santana Moss,WAS,WR,206
Robert Turbin,SEA,RB,207
Adam Vinatieri,IND,PK,208
Josh Brown,NYG,PK,209
Stephen Hill,NYJ,WR,210
Denard Robinson,JAC,RB,211
Kai Forbath,WAS,PK,212
Marcedes Lewis,JAC,TE,213
Riley Cooper,PHI,WR,214
Jeremy Kerley,NYJ,WR,215
Alex Henery,PHI,PK,216
Mike Nugent,CIN,PK,217
LeSean McCoy,PHI,RB,1
Jamaal Charles,KCC,RB,2
Calvin Johnson,DET,WR,3
Matt Forte,CHI,RB,4
Eddie Lacy,GBP,RB,5
Peyton Manning,DEN,QB,6
Demaryius Thomas,DEN,WR,7
Jimmy Graham,NOS,TE,8
Dez Bryant,DAL,WR,9
A.J. Green,CIN,WR,10
Aaron Rodgers,GBP,QB,11
Marshawn Lynch,SEA,RB,12
Drew Brees,NOS,QB,13
Julio Jones,ATL,WR,14
Brandon Marshall,CHI,WR,15
Montee Ball,DEN,RB,16
DeMarco Murray,DAL,RB,17
Giovani Bernard,CIN,RB,18
Jordy Nelson,GBP,WR,19
Antonio Brown,PIT,WR,20
Alshon Jeffery,CHI,WR,21
Doug Martin,TBB,RB,22
Arian Foster,HOU,RB,23
Le'Veon Bell,PIT,RB,24
Julius Thomas,DEN,TE,25
Randall Cobb,GBP,WR,26
Rob Gronkowski,NEP,TE,27
Alfred Morris,WAS,RB,28
Andre Ellington,ARI,RB,29
Andrew Luck,IND,QB,30
Zac Stacy,STL,RB,31
Keenan Allen,SDC,WR,32
Matthew Stafford,DET,QB,33
Reggie Bush,DET,RB,34
Pierre Garcon,WAS,WR,35
Vincent Jackson,TBB,WR,36
Andre Johnson,HOU,WR,37
Victor Cruz,NYG,WR,38
Larry Fitzgerald,ARI,WR,39
C.J. Spiller,BUF,RB,40
Cordarrelle Patterson,MIN,WR,41
Roddy White,ATL,WR,42
Shane Vereen,NEP,RB,43
Michael Crabtree,SFO,WR,44
Percy Harvin,NYJ,WR,45
Nick Foles,PHI,QB,46
Ryan Mathews,SDC,RB,47
DeSean Jackson,WAS,WR,48
Tom Brady,NEP,QB,49
Michael Floyd,ARI,WR,50
Toby Gerhart,JAC,RB,51
Jordan Cameron,CLE,TE,52
Vernon Davis,SFO,TE,53
T.Y. Hilton,IND,WR,54
Rashad Jennings,NYG,RB,55
Frank Gore,SFO,RB,56
Julian Edelman,NEP,WR,57
Wes Welker,DEN,WR,58
Matt Ryan,ATL,QB,59
Ben Tate,PIT,RB,60
Bishop Sankey,TEN,RB,61
Torrey Smith,BAL,WR,62
Chris Johnson,NYJ,RB,63
Cam Newton,CAR,QB,64
Jason Witten,DAL,TE,65
Emmanuel Sanders,DEN,WR,66
Jeremy Maclin,PHI,WR,67
Trent Richardson,IND,RB,68
Joique Bell,DET,RB,69
Marques Colston,NOS,WR,70
Sammy Watkins,BUF,WR,71
Mike Wallace,MIA,WR,72
Colin Kaepernick,SFO,QB,73
Kendall Wright,TEN,WR,74
Jordan Reed,WAS,TE,75
Eric Decker,NYJ,WR,76
Jay Cutler,CHI,QB,77
Russell Wilson,SEA,QB,78
Robert Griffin III,WAS,QB,79
Kyle Rudolph,MIN,TE,80
Brandin Cooks,NOS,WR,81
Greg Olsen,CAR,TE,82
Tony Romo,DAL,QB,83
Pierre Thomas,NOS,RB,84
Reggie Wayne,IND,WR,85
Golden Tate,DET,WR,86
Maurice Jones-Drew,OAK,RB,87
Dennis Pitta,BAL,TE,88
Terrance Williams,DAL,WR,89
Philip Rivers,SDC,QB,90
Knowshon Moreno,MIA,RB,91
Stevan Ridley,NEP,RB,92
Zach Ertz,PHI,TE,93
Lamar Miller,MIA,RB,94
Mike Evans,TBB,WR,95
Steven Jackson,ATL,RB,96
Darren Sproles,PHI,RB,97
Kelvin Benjamin,CAR,WR,98
Carlos Hyde,SFO,RB,99
Andy Dalton,CIN,QB,100
Danny Woodhead,SDC,RB,101
Fred Jackson,BUF,RB,102
DeAndre Hopkins,HOU,WR,103
Dwayne Bowe,KCC,WR,104
Riley Cooper,PHI,WR,105
Martellus Bennett,CHI,TE,106
Rueben Randle,NYG,WR,107
Stephen Gostkowski,NEP,PK,108
Justin Hunter,TEN,WR,109
Ben Roethlisberger,PIT,QB,110
Bernard Pierce,BAL,RB,111
Devonta Freeman,ATL,RB,112
Anquan Boldin,SFO,WR,113
Tavon Austin,STL,WR,114
Ladarius Green,SDC,TE,115
Cecil Shorts,JAC,WR,116
Jeremy Hill,CIN,RB,117
Hakeem Nicks,IND,WR,118
Mark Ingram,NOS,RB,119
Terrance West,CLE,RB,120
Charles Clay,MIA,TE,121
Jordan Matthews,PHI,WR,122
Eric Ebron,DET,TE,123
Danny Amendola,NEP,WR,124
DeAngelo Williams,CAR,RB,125
Darren McFadden,OAK,RB,126
Matt Prater,DET,PK,127
Markus Wheaton,PIT,WR,128
Antonio Gates,SDC,TE,129
Christine Michael,SEA,RB,130
Carson Palmer,ARI,QB,131
Andre Williams,NYG,RB,132
Steven Hauschka,SEA,PK,133
Kenny Stills,NOS,WR,134
Justin Tucker,BAL,PK,135
Ryan Tannehill,MIA,QB,136
Alex Smith,KCC,QB,137
Heath Miller,PIT,TE,138
Greg Jennings,MIN,WR,139
Steve Smith,BAL,WR,140
Khiry Robinson,NOS,RB,141
Jarrett Boykin,GBP,WR,142
Joe Flacco,BAL,QB,143
Eli Manning,NYG,QB,144
Tyler Eifert,CIN,TE,145
Mason Crosby,GBP,PK,146
Johnny Manziel,CLE,QB,147
Brian Hartline,MIA,WR,148
Marqise Lee,JAC,WR,149
Marvin Jones,CIN,WR,150
James Jones,OAK,WR,151
Aaron Dobson,NEP,WR,152
Travis Kelce,KCC,TE,153
Dwayne Allen,IND,TE,154
Phil Dawson,SFO,PK,155
Knile Davis,KCC,RB,156
Delanie Walker,TEN,TE,157
Tre Mason,STL,RB,158
Kenny Britt,STL,WR,159
Dan Bailey,DAL,PK,160
Chris Ivory,NYJ,RB,161
LeGarrette Blount,NEP,RB,162
Adam Vinatieri,IND,PK,163
Jonathan Stewart,CAR,RB,164
Josh McCown,TBB,QB,165
Odell Beckham,NYG,WR,166
Doug Baldwin,SEA,WR,167
Ahmad Bradshaw,IND,RB,168
Sam Bradford,STL,QB,169
Cody Latimer,DEN,WR,170
Coby Fleener,IND,TE,171
Teddy Bridgewater,MIN,QB,172
Lance Dunbar,DAL,RB,173
Blair Walsh,MIN,PK,174
Miles Austin,CLE,WR,175
Shonn Greene,TEN,RB,176
Blake Bortles,JAC,QB,177
James White,NEP,RB,178
Andrew Hawkins,CLE,WR,179
Robbie Gould,CHI,PK,180
Austin Seferian-Jenkins,TBB,TE,181
Tim Wright,NEP,TE,182
Jake Locker,TEN,QB,183
Matt Bryant,ATL,PK,184
Robert Woods,BUF,WR,185
Shayne Graham,NOS,PK,186
Nick Novak,SDC,PK,187
E.J. Manuel,BUF,QB,188
Jared Cook,STL,TE,189
Jonathan Grimes,HOU,RB,190
Sebastian Janikowski,OAK,PK,191
Garrett Graham,HOU,TE,192
Davante Adams,GBP,WR,193
Geno Smith,NYJ,QB,194
Ka'Deem Carey,CHI,RB,195
Jace Amaro,NYJ,TE,196
James Starks,GBP,RB,197
Ronnie Hillman,DEN,RB,198
Dexter McCluster,TEN,RB,199
Richard Rodgers,GBP,TE,200
Harry Douglas,ATL,WR,201
Roy Helu,WAS,RB,202
Bryce Brown,BUF,RB,203
Greg Zuerlein,STL,PK,204
Rod Streater,OAK,WR,205
Malcom Floyd,SDC,WR,206
John Brown,ARI,WR,207
Alex Henery,FA*,PK,208
Nick Folk,NYJ,PK,209
Donald Brown,SDC,RB,210
Stevie Johnson,SFO,WR,211
C.J. Anderson,DEN,RB,212
Brandon LaFell,NEP,WR,213
Jacquizz Rodgers,ATL,RB,214
Nate Freese,FA,PK,215
Kenbrell Thompkins,OAK,WR,216
Jerricho Cotchery,CAR,WR,217
Mohamed Sanu,CIN,WR,218
Dan Carpenter,BUF,PK,219
Shaun Suisham,PIT,PK,220
Le'Veon Bell,PIT,RB,1
Adrian Peterson,MIN,RB,2
Eddie Lacy,GBP,RB,3
Antonio Brown,PIT,WR,4
Jamaal Charles,KCC,RB,5
Andrew Luck,IND,QB,6
Dez Bryant,DAL,WR,7
Julio Jones,ATL,WR,8
Marshawn Lynch,SEA,RB,9
Odell Beckham,NYG,WR,10
Demaryius Thomas,DEN,WR,11
Rob Gronkowski,NEP,TE,12
Aaron Rodgers,GBP,QB,13
C.J. Anderson,DEN,RB,14
Calvin Johnson,DET,WR,15
Matt Forte,CHI,RB,16
DeMarco Murray,PHI,RB,17
A.J. Green,CIN,WR,18
Jeremy Hill,CIN,RB,19
Randall Cobb,GBP,WR,20
LeSean McCoy,BUF,RB,21
T.Y. Hilton,IND,WR,22
Alshon Jeffery,CHI,WR,23
Justin Forsett,BAL,RB,24
Mike Evans,TBB,WR,25
Jimmy Graham,SEA,TE,26
Brandin Cooks,NOS,WR,27
Lamar Miller,MIA,RB,28
DeAndre Hopkins,HOU,WR,29
Emmanuel Sanders,DEN,WR,30
Jordan Matthews,PHI,WR,31
Mark Ingram,NOS,RB,32
Frank Gore,IND,RB,33
Peyton Manning,DEN,QB,34
Russell Wilson,SEA,QB,35
Melvin Gordon,SDC,RB,36
Carlos Hyde,SFO,RB,37
Amari Cooper,OAK,WR,38
Alfred Morris,WAS,RB,39
Latavius Murray,OAK,RB,40
Drew Brees,NOS,QB,41
Golden Tate,DET,WR,42
Keenan Allen,SDC,WR,43
Julian Edelman,NEP,WR,44
Ben Roethlisberger,PIT,QB,45
Andre Johnson,IND,WR,46
Greg Olsen,CAR,TE,47
Todd Gurley,STL,RB,48
Travis Kelce,KCC,TE,49
Joseph Randle,FA*,RB,50
Sammy Watkins,BUF,WR,51
Andre Ellington,ARI,RB,52
Jeremy Maclin,KCC,WR,53
Ameer Abdullah,DET,RB,54
Jarvis Landry,MIA,WR,55
Arian Foster,HOU,RB,56
Matt Ryan,ATL,QB,57
Brandon Marshall,NYJ,WR,58
Davante Adams,GBP,WR,59
Jonathan Stewart,CAR,RB,60
T.J. Yeldon,JAC,RB,61
Doug Martin,TBB,RB,62
Tom Brady,NEP,QB,63
DeSean Jackson,WAS,WR,64
Tony Romo,DAL,QB,65
C.J. Spiller,NOS,RB,66
Martellus Bennett,CHI,TE,67
Martavis Bryant,PIT,WR,68
Allen Robinson,JAC,WR,69
Nelson Agholor,PHI,WR,70
Matthew Stafford,DET,QB,71
Giovani Bernard,CIN,RB,72
Vincent Jackson,TBB,WR,73
Chris Ivory,NYJ,RB,74
LeGarrette Blount,NEP,RB,75
Cam Newton,CAR,QB,76
Mike Wallace,MIN,WR,77
Ryan Tannehill,MIA,QB,78
Jason Witten,DAL,TE,79
Charles Johnson,MIN,WR,80
Joique Bell,DET,RB,81
Larry Fitzgerald,ARI,WR,82
Julius Thomas,JAC,TE,83
Jordan Cameron,MIA,TE,84
Tevin Coleman,ATL,RB,85
Victor Cruz,NYG,WR,86
Roddy White,ATL,WR,87
Rashad Jennings,NYG,RB,88
Eli Manning,NYG,QB,89
John Brown,ARI,WR,90
Isaiah Crowell,CLE,RB,91
Steve Smith,BAL,WR,92
Zach Ertz,PHI,TE,93
Philip Rivers,SDC,QB,94
Sam Bradford,PHI,QB,95
Shane Vereen,NYG,RB,96
Torrey Smith,SFO,WR,97
Eric Decker,NYJ,WR,98
Ryan Mathews,PHI,RB,99
Michael Floyd,ARI,WR,100
Alfred Blue,HOU,RB,101
Delanie Walker,TEN,TE,102
Devonta Freeman,ATL,RB,103
Darren McFadden,DAL,RB,104
Tyler Eifert,CIN,TE,105
Tre Mason,STL,RB,106
Anquan Boldin,SFO,WR,107
Stephen Gostkowski,NEP,PK,108
Teddy Bridgewater,MIN,QB,109
Kendall Wright,TEN,WR,110
Brandon LaFell,NEP,WR,111
Duke Johnson,CLE,RB,112
Bishop Sankey,TEN,RB,113
Devin Funchess,CAR,WR,114
DeVante Parker,MIA,WR,115
Owen Daniels,DEN,TE,116
Marques Colston,NOS,WR,117
Dwayne Allen,IND,TE,118
Danny Woodhead,SDC,RB,119
Pierre Garcon,WAS,WR,120
Kyle Rudolph,MIN,TE,121
Breshad Perriman,BAL,WR,122
Antonio Gates,SDC,TE,123
Terrance Williams,DAL,WR,124
Joe Flacco,BAL,QB,125
Knile Davis,KCC,RB,126
Eddie Royal,CHI,WR,127
Adam Vinatieri,IND,PK,128
Colin Kaepernick,SFO,QB,129
David Cobb,TEN,RB,130
Markus Wheaton,PIT,WR,131
Darren Sproles,PHI,RB,132
Brian Quick,STL,WR,133
David Johnson,ARI,RB,134
Carson Palmer,ARI,QB,135
Austin Seferian-Jenkins,TBB,TE,136
Josh Hill,NOS,TE,137
Dorial Green-Beckham,TEN,WR,138
Jameis Winston,TBB,QB,139
Steven Hauschka,SEA,PK,140
Marcus Mariota,TEN,QB,141
Stevie Johnson,SDC,WR,142
Charles Sims,TBB,RB,143
Kenny Stills,MIA,WR,144
Reggie Bush,SFO,RB,145
Mason Crosby,GBP,PK,146
Justin Tucker,BAL,PK,147
Derek Carr,OAK,QB,148
Coby Fleener,IND,TE,149
Michael Crabtree,OAK,WR,150
Andy Dalton,CIN,QB,151
Donte Moncrief,IND,WR,152
Jay Ajayi,MIA,RB,153
Jay Cutler,CHI,QB,154
Cody Latimer,DEN,WR,155
Matt Jones,WAS,RB,156
Eric Ebron,DET,TE,157
Vernon Davis,DEN,TE,158
Cody Parkey,PHI,PK,159
Phillip Dorsett,IND,WR,160
Ronnie Hillman,DEN,RB,161
DeAngelo Williams,PIT,RB,162
Percy Harvin,BUF,WR,163
Dan Bailey,DAL,PK,164
Rueben Randle,NYG,WR,165
Doug Baldwin,SEA,WR,166
Blake Bortles,JAC,QB,167
Andre Williams,NYG,RB,168
Montee Ball,FA*,RB,169
Heath Miller,PIT,TE,170
Jerick McKinnon,MIN,RB,171
Marvin Jones,CIN,WR,172
Maxx Williams,BAL,TE,173
Jordan Reed,WAS,TE,174
Brandon McManus,DEN,PK,175
Tyler Lockett,SEA,WR,176
Larry Donnell,NYG,TE,177
Charles Clay,BUF,TE,178
Roy Helu,OAK,RB,179
Nick Foles,STL,QB,180
Jaelen Strong,HOU,WR,181
Richard Rodgers,GBP,TE,182
Ladarius Green,SDC,TE,183
Alex Smith,KCC,QB,184
Matt Bryant,ATL,PK,185
Christine Michael,SEA,RB,186
Fred Jackson,SEA,RB,187
Cameron Artis-Payne,CAR,RB,188
Reggie Wayne,FA*,WR,189
Brandon Coleman,NOS,WR,190
Matt Prater,DET,PK,191
Jonas Gray,JAC,RB,192
Ty Montgomery,GBP,WR,193
Javorius Allen,BAL,RB,194
Cordarrelle Patterson,MIN,WR,195
Sebastian Janikowski,OAK,PK,196
Connor Barth,TBB,PK,197
Denard Robinson,JAC,RB,198
Josh Scobee,FA,PK,199
Allen Hurns,JAC,WR,200
James Starks,GBP,RB,201
Dan Carpenter,BUF,PK,202
Blair Walsh,MIN,PK,203
Robert Griffin III,WAS,QB,204
Jeff Janis,GBP,WR,205
Tyrod Taylor,BUF,QB,206
Terrance West,BAL,RB,207
Jeremy Langford,CHI,RB,208
Kenny Britt,STL,WR,209
Dwayne Bowe,CLE,WR,210
Dan Herron,IND,RB,211
Chris Johnson,ARI,RB,212
Phil Dawson,SFO,PK,213
Malcom Floyd,SDC,WR,214
Tavon Austin,STL,WR,215
Chandler Catanzaro,ARI,PK,216
Khiry Robinson,NOS,RB,217
Greg Zuerlein,STL,PK,218
Nick Novak,HOU,PK,219
James White,NEP,RB,220
Danny Amendola,NEP,WR,221
Cole Beasley,DAL,WR,222
Mohamed Sanu,CIN,WR,223
Cecil Shorts,HOU,WR,224
Antonio Brown,PIT,WR,1
Odell Beckham,NYG,WR,2
Todd Gurley,RAM,RB,3
Julio Jones,ATL,WR,4
David Johnson,ARI,RB,5
Ezekiel Elliott,DAL,RB,6
A.J. Green,CIN,WR,7
Adrian Peterson,MIN,RB,8
DeAndre Hopkins,HOU,WR,9
Le'Veon Bell,PIT,RB,10
Rob Gronkowski,NEP,TE,11
Allen Robinson,JAC,WR,12
Lamar Miller,HOU,RB,13
Dez Bryant,DAL,WR,14
Cam Newton,CAR,QB,15
Devonta Freeman,ATL,RB,16
Aaron Rodgers,GBP,QB,17
Jordy Nelson,GBP,WR,18
Mike Evans,TBB,WR,19
Keenan Allen,SDC,WR,20
Brandon Marshall,NYJ,WR,21
Amari Cooper,OAK,WR,22
Eddie Lacy,GBP,RB,23
Jamaal Charles,KCC,RB,24
Alshon Jeffery,CHI,WR,25
Mark Ingram,NOS,RB,26
Brandin Cooks,NOS,WR,27
Doug Martin,TBB,RB,28
LeSean McCoy,BUF,RB,29
T.Y. Hilton,IND,WR,30
Sammy Watkins,BUF,WR,31
Russell Wilson,SEA,QB,32
Andrew Luck,IND,QB,33
Demaryius Thomas,DEN,WR,34
C.J. Anderson,DEN,RB,35
Jordan Reed,WAS,TE,36
Jarvis Landry,MIA,WR,37
Thomas Rawls,SEA,RB,38
Randall Cobb,GBP,WR,39
Julian Edelman,NEP,WR,40
Kelvin Benjamin,CAR,WR,41
Latavius Murray,OAK,RB,42
Carlos Hyde,SFO,RB,43
Greg Olsen,CAR,TE,44
Matt Forte,NYJ,RB,45
Doug Baldwin,SEA,WR,46
Ben Roethlisberger,PIT,QB,47
Drew Brees,NOS,QB,48
DeMarco Murray,TEN,RB,49
Jeremy Maclin,KCC,WR,50
Golden Tate,DET,WR,51
Donte Moncrief,IND,WR,52
Travis Kelce,KCC,TE,53
Tom Brady,NEP,QB,54
Jeremy Hill,CIN,RB,55
Eric Decker,NYJ,WR,56
Michael Floyd,NEP,WR,57
Jeremy Langford,CHI,RB,58
Larry Fitzgerald,ARI,WR,59
Jonathan Stewart,CAR,RB,60
Melvin Gordon,SDC,RB,61
Delanie Walker,TEN,TE,62
Jordan Matthews,PHI,WR,63
Ryan Mathews,PHI,RB,64
Blake Bortles,JAC,QB,65
Carson Palmer,ARI,QB,66
Emmanuel Sanders,DEN,WR,67
Allen Hurns,JAC,WR,68
Coby Fleener,NOS,TE,69
Duke Johnson,CLE,RB,70
Giovani Bernard,CIN,RB,71
Matt Jones,WAS,RB,72
Tyler Lockett,SEA,WR,73
Josh Gordon,CLE,WR,74
Arian Foster,FA,RB,75
Eli Manning,NYG,QB,76
Danny Woodhead,SDC,RB,77
John Brown,ARI,WR,78
Marvin Jones,DET,WR,79
Tyler Eifert,CIN,TE,80
DeVante Parker,MIA,WR,81
DeSean Jackson,WAS,WR,82
Ameer Abdullah,DET,RB,83
Michael Crabtree,OAK,WR,84
Sterling Shepard,NYG,WR,85
Frank Gore,IND,RB,86
DeAngelo Williams,PIT,RB,87
Dion Lewis,NEP,RB,88
Derrick Henry,TEN,RB,89
Gary Barnidge,CLE,TE,90
Philip Rivers,SDC,QB,91
Kevin White,CHI,WR,92
Julius Thomas,JAC,TE,93
Zach Ertz,PHI,TE,94
T.J. Yeldon,JAC,RB,95
Rashad Jennings,NYG,RB,96
Stephen Gostkowski,NEP,PK,97
Jameis Winston,TBB,QB,98
Jay Ajayi,MIA,RB,99
Stefon Diggs,MIN,WR,100
Jimmy Graham,SEA,TE,101
Chris Ivory,JAC,RB,102
Kirk Cousins,WAS,QB,103
Matthew Stafford,DET,QB,104
Corey Coleman,CLE,WR,105
Martellus Bennett,NEP,TE,106
LeGarrette Blount,NEP,RB,107
Willie Snead,NOS,WR,108
Antonio Gates,SDC,TE,109
Tavon Austin,RAM,WR,110
Charles Sims,TBB,RB,111
Justin Forsett,DEN,RB,112
Ladarius Green,PIT,TE,113
Matt Ryan,ATL,QB,114
Tyrod Taylor,BUF,QB,115
Tevin Coleman,ATL,RB,116
Devin Funchess,CAR,WR,117
Marcus Mariota,TEN,QB,118
Spencer Ware,KCC,RB,119
Jason Witten,DAL,TE,120
Andy Dalton,CIN,QB,121
Travis Benjamin,SDC,WR,122
Markus Wheaton,PIT,WR,123
Michael Thomas,NOS,WR,124
Dwayne Allen,IND,TE,125
Isaiah Crowell,CLE,RB,126
Laquon Treadwell,MIN,WR,127
Torrey Smith,SFO,WR,128
Theo Riddick,DET,RB,129
Steven Hauschka,SEA,PK,130
Eric Ebron,DET,TE,131
Vincent Jackson,TBB,WR,132
Dak Prescott,DAL,QB,133
Jared Cook,GBP,TE,134
James White,NEP,RB,135
Christine Michael,GBP,RB,136
Kamar Aiken,BAL,WR,137
Eli Rogers,PIT,WR,138
Alex Smith,KCC,QB,139
Davante Adams,GBP,WR,140
Malcolm Mitchell,NEP,WR,141
Mohamed Sanu,ATL,WR,142
Will Fuller,HOU,WR,143
Devontae Booker,DEN,RB,144
Dorial Green-Beckham,PHI,WR,145
Chris Hogan,NEP,WR,146
Brock Osweiler,HOU,QB,147
Paul Perkins,NYG,RB,148
DeAndre Washington,OAK,RB,149
Cole Beasley,DAL,WR,150
Bilal Powell,NYJ,RB,151
Graham Gano,CAR,PK,152
Dan Bailey,DAL,PK,153
Sammie Coates,PIT,WR,154
Mason Crosby,GBP,PK,155
Ryan Tannehill,MIA,QB,156
Justin Tucker,BAL,PK,157
Josh Doctson,WAS,WR,158
Tyler Boyd,CIN,WR,159
Steve Smith,FA,WR,160
C.J. Prosise,SEA,RB,161
Kenneth Dixon,BAL,RB,162
Tajae Sharpe,TEN,WR,163
Matt Bryant,ATL,PK,164
Tony Romo,DAL,QB,165
Zach Miller,CHI,TE,166
Phillip Dorsett,IND,WR,167
Darren Sproles,PHI,RB,168
Ryan Fitzpatrick,NYJ,QB,169
Jerick McKinnon,MIN,RB,170
Rishard Matthews,TEN,WR,171
Chris Boswell,PIT,PK,172
Robbie Gould,NYG,PK,173
Chandler Catanzaro,ARI,PK,174
Alfred Morris,DAL,RB,175
Joe Flacco,BAL,QB,176
James Starks,GBP,RB,177
Jordan Howard,CHI,RB,178
Charcandrick West,KCC,RB,179
Austin Seferian-Jenkins,NYJ,TE,180
Cairo Santos,KCC,PK,181
Breshad Perriman,BAL,WR,182
Sebastian Janikowski,OAK,PK,183
Terrance West,BAL,RB,184
Charles Clay,BUF,TE,185
Jared Goff,RAM,QB,186
Terrance Williams,DAL,WR,187
Adam Vinatieri,IND,PK,188
Matt Prater,DET,PK,189
Jesse James,PIT,TE,190
Jay Cutler,CHI,QB,191
Brandon McManus,DEN,PK,192
Mike Wallace,BAL,WR,193
Clive Walford,OAK,TE,194
Karlos Williams,PIT,RB,195
Blair Walsh,FA,PK,196
Will Tye,NYG,TE,197
Richard Rodgers,GBP,TE,198
Robert Griffin III,CLE,QB,199
Kyle Rudolph,MIN,TE,200
Ted Ginn Jr.,CAR,WR,201
Pierre Garcon,WAS,WR,202
Victor Cruz,NYG,WR,203
Shane Vereen,NYG,RB,204
Javorius Allen,BAL,RB,205
Nelson Agholor,PHI,WR,206
Kenny Stills,MIA,WR,207
Roberto Aguayo,TBB,PK,208
Jermaine Kearse,SEA,WR,209
Anquan Boldin,DET,WR,210
Chris Johnson,ARI,RB,211
Terrelle Pryor,CLE,WR,212
Darren McFadden,DAL,RB,213
Jordan Cameron,MIA,TE,214
Sam Bradford,MIN,QB,215
Wendell Smallwood,PHI,RB,216
Danny Amendola,NEP,WR,217
Vance McDonald,SFO,TE,218
Virgil Green,DEN,TE,219
Josh Brown,FA,PK,220
Braxton Miller,HOU,WR,221
Chris Thompson,WAS,RB,222
C.J. Spiller,FA,RB,223
Tim Hightower,NOS,RB,224
Shaun Draughn,SFO,RB,225
Cameron Artis-Payne,CAR,RB,226
David Johnson,ARI,RB,1
Le'Veon Bell,PIT,RB,2
Antonio Brown,PIT,WR,3
Odell Beckham,NYG,WR,4
Julio Jones,ATL,WR,5
Mike Evans,TBB,WR,6
Melvin Gordon,LAC,RB,7
Devonta Freeman,ATL,RB,8
A.J. Green,CIN,WR,9
LeSean McCoy,BUF,RB,10
Aaron Rodgers,GBP,QB,11
Ezekiel Elliott,DAL,RB,12
Jordy Nelson,GBP,WR,13
Michael Thomas,NOS,WR,14
Jordan Howard,CHI,RB,15
Todd Gurley,LAR,RB,16
Rob Gronkowski,NEP,TE,17
Amari Cooper,OAK,WR,18
Jay Ajayi,PHI,RB,19
Tom Brady,NEP,QB,20
Dez Bryant,DAL,WR,21
DeMarco Murray,TEN,RB,22
Brandin Cooks,NEP,WR,23
Leonard Fournette,JAC,RB,24
T.Y. Hilton,IND,WR,25
Doug Baldwin,SEA,WR,26
Christian McCaffrey,CAR,RB,27
Drew Brees,NOS,QB,28
DeAndre Hopkins,HOU,WR,29
Lamar Miller,HOU,RB,30
Travis Kelce,KCC,TE,31
Dalvin Cook,MIN,RB,32
Demaryius Thomas,DEN,WR,33
Keenan Allen,LAC,WR,34
Matt Ryan,ATL,QB,35
Marshawn Lynch,OAK,RB,36
Isaiah Crowell,CLE,RB,37
Terrelle Pryor,WAS,WR,38
Alshon Jeffery,PHI,WR,39
Joe Mixon,CIN,RB,40
Davante Adams,GBP,WR,41
Tyreek Hill,KCC,WR,42
Ty Montgomery,GBP,RB,43
Carlos Hyde,SFO,RB,44
Allen Robinson,JAC,WR,45
Jordan Reed,WAS,TE,46
Greg Olsen,CAR,TE,47
Kareem Hunt,KCC,RB,48
Russell Wilson,SEA,QB,49
Michael Crabtree,OAK,WR,50
Mark Ingram,NOS,RB,51
Golden Tate,DET,WR,52
Jarvis Landry,MIA,WR,53
Derek Carr,OAK,QB,54
Kelvin Benjamin,BUF,WR,55
Martavis Bryant,PIT,WR,56
Sammy Watkins,LAR,WR,57
C.J. Anderson,DEN,RB,58
Jimmy Graham,SEA,TE,59
Stefon Diggs,MIN,WR,60
Larry Fitzgerald,ARI,WR,61
Ameer Abdullah,DET,RB,62
Cam Newton,CAR,QB,63
Jameis Winston,TBB,QB,64
Marcus Mariota,TEN,QB,65
Tyler Eifert,CIN,TE,66
Jamison Crowder,WAS,WR,67
Bilal Powell,NYJ,RB,68
Tevin Coleman,ATL,RB,69
Andrew Luck,IND,QB,70
Kirk Cousins,WAS,QB,71
Doug Martin,TBB,RB,72
DeVante Parker,MIA,WR,73
Ben Roethlisberger,PIT,QB,74
Emmanuel Sanders,DEN,WR,75
Adrian Peterson,ARI,RB,76
Mike Gillislee,NEP,RB,77
Derrick Henry,TEN,RB,78
Kyle Rudolph,MIN,TE,79
Dak Prescott,DAL,QB,80
Brandon Marshall,NYG,WR,81
Delanie Walker,TEN,TE,82
Zach Ertz,PHI,TE,83
Willie Snead,NOS,WR,84
Martellus Bennett,NEP,TE,85
Danny Woodhead,BAL,RB,86
LeGarrette Blount,PHI,RB,87
Paul Perkins,NYG,RB,88
Randall Cobb,GBP,WR,89
Eddie Lacy,SEA,RB,90
DeSean Jackson,TBB,WR,91
Pierre Garcon,SFO,WR,92
Hunter Henry,LAC,TE,93
Matthew Stafford,DET,QB,94
Donte Moncrief,IND,WR,95
Frank Gore,IND,RB,96
Philip Rivers,LAC,QB,97
Rob Kelley,WAS,RB,98
Corey Davis,TEN,WR,99
Jeremy Maclin,BAL,WR,100
Adam Thielen,MIN,WR,101
Chris Hogan,NEP,WR,102
Stephen Gostkowski,NEP,PK,103
Eric Decker,TEN,WR,104
Tyrell Williams,LAC,WR,105
Terrance West,BAL,RB,106
Theo Riddick,DET,RB,107
Corey Coleman,CLE,WR,108
Darren McFadden,FA,RB,109
JuJu Smith-Schuster,PIT,WR,110
Alvin Kamara,NOS,RB,111
Justin Tucker,BAL,PK,112
Jared Goff,LAR,QB,113
Carson Wentz,PHI,QB,114
Duke Johnson,CLE,RB,115
Andy Dalton,CIN,QB,116
Eric Ebron,DET,TE,117
Eli Manning,NYG,QB,118
Thomas Rawls,SEA,RB,119
Kai Forbath,MIN,PK,120
Blake Bortles,JAC,QB,121
Jordan Matthews,BUF,WR,122
O.J. Howard,TBB,TE,123
Jonathan Stewart,CAR,RB,124
James White,NEP,RB,125
Marvin Jones,DET,WR,126
John Brown,ARI,WR,127
Alex Smith,WAS,QB,128
Samaje Perine,WAS,RB,129
Matt Bryant,ATL,PK,130
Rishard Matthews,TEN,WR,131
Jack Doyle,IND,TE,132
Latavius Murray,MIN,RB,133
Ted Ginn Jr.,NOS,WR,134
Jerick McKinnon,MIN,RB,135
Robert Woods,LAR,WR,136
Tyrod Taylor,BUF,QB,137
C.J. Prosise,SEA,RB,138
Matt Forte,NYJ,RB,139
Austin Hooper,ATL,TE,140
Kenny Britt,NEP,WR,141
Carson Palmer,ARI,QB,142
Jason Witten,DAL,TE,143
Cooper Kupp,LAR,WR,144
Danny Amendola,NEP,WR,145
Dion Lewis,NEP,RB,146
Mike Wallace,BAL,WR,147
Rex Burkhead,NEP,RB,148
Dan Bailey,DAL,PK,149
Kevin White,CHI,WR,150
Sterling Shepard,NYG,WR,151
Zay Jones,BUF,WR,152
Jamaal Williams,GBP,RB,153
Evan Engram,NYG,TE,154
Jacquizz Rodgers,TBB,RB,155
Coby Fleener,NOS,TE,156
Jeremy Hill,CIN,RB,157
Josh Doctson,WAS,WR,158
Mohamed Sanu,ATL,WR,159
Deshaun Watson,HOU,QB,160
Jamaal Charles,DEN,RB,161
Mason Crosby,GBP,PK,162
Wil Lutz,NOS,PK,163
Jesse James,PIT,TE,164
Chris Boswell,PIT,PK,165
Devin Funchess,CAR,WR,166
Darren Sproles,PHI,RB,167
Mike Williams,LAC,WR,168
Joe Flacco,BAL,QB,169
Julius Thomas,MIA,TE,170
David Njoku,CLE,TE,171
Marqise Lee,JAC,WR,172
John Ross,CIN,WR,173
Dede Westbrook,JAC,WR,174
Sam Bradford,MIN,QB,175
Nelson Agholor,PHI,WR,176
Giovani Bernard,CIN,RB,177
Adam Vinatieri,IND,PK,178
D'Onta Foreman,HOU,RB,179
Cole Beasley,DAL,WR,180
Jay Cutler,MIA,QB,181
Marlon Mack,IND,RB,182
Tyler Lockett,SEA,WR,183
Cameron Brate,TBB,TE,184
Graham Gano,CAR,PK,185
Matt Prater,DET,PK,186
Taylor Gabriel,ATL,WR,187
Sebastian Janikowski,OAK,PK,188
Charles Clay,BUF,TE,189
Allen Hurns,JAC,WR,190
Joe Williams,SFO,RB,191
Kenny Golladay,DET,WR,192
Steven Hauschka,BUF,PK,193
Robby Anderson,NYJ,WR,194
Jonathan Williams,NOS,RB,195
James Conner,PIT,RB,196
Breshad Perriman,BAL,WR,197
Will Fuller,HOU,WR,198
C.J. Fiedorowicz,HOU,TE,199
Brandon McManus,DEN,PK,200
Blair Walsh,SEA,PK,201
Vance McDonald,PIT,TE,202
Cairo Santos,CHI,PK,203
Jared Cook,OAK,TE,204
Antonio Gates,LAC,TE,205
Brian Hoyer,NEP,QB,206
Mitchell Trubisky,CHI,QB,207
DeShone Kizer,CLE,QB,208
Caleb Sturgis,PHI,PK,209
Kenny Stills,MIA,WR,210
Dustin Hopkins,WAS,PK,211
DeAndre Washington,OAK,RB,212
Wendell Smallwood,PHI,RB,213
Dwayne Allen,NEP,TE,214
Charcandrick West,KCC,RB,215
T.J. Yeldon,JAC,RB,216
Tavon Austin,LAR,WR,217
Curtis Samuel,CAR,WR,218
Chris Carson,SEA,RB,219
Trevor Siemian,DEN,QB,220
Chris Thompson,WAS,RB,221
Torrey Smith,PHI,WR,222
J.J. Nelson,ARI,WR,223
Shane Vereen,NYG,RB,224
Malcolm Mitchell,NEP,WR,225
Charles Sims,TBB,RB,226
Devontae Booker,DEN,RB,227
Kendall Wright,CHI,WR,228
Tarik Cohen,CHI,RB,229
Alfred Morris,DAL,RB,230
Le'Veon Bell,PIT,RB,1
Ezekiel Elliott,DAL,RB,2
David Johnson,ARI,RB,3
Antonio Brown,PIT,WR,4
Alvin Kamara,NOS,RB,5
Saquon Barkley,NYG,RB,6
Todd Gurley,LAR,RB,7
DeAndre Hopkins,HOU,WR,8
Leonard Fournette,JAC,RB,9
Odell Beckham,NYG,WR,10
Kareem Hunt,FA*,RB,11
Melvin Gordon,LAC,RB,12
Dalvin Cook,MIN,RB,13
Julio Jones,ATL,WR,14
Christian McCaffrey,CAR,RB,15
Michael Thomas,NOS,WR,16
Davante Adams,GBP,WR,17
Keenan Allen,LAC,WR,18
Aaron Rodgers,GBP,QB,19
Rob Gronkowski,NEP,TE,20
Mike Evans,TBB,WR,21
Joe Mixon,CIN,RB,22
Travis Kelce,KCC,TE,23
Tyreek Hill,KCC,WR,24
Jordan Howard,CHI,RB,25
Stefon Diggs,MIN,WR,26
LeSean McCoy,BUF,RB,27
T.Y. Hilton,IND,WR,28
Deshaun Watson,HOU,QB,29
Amari Cooper,DAL,WR,30
Adam Thielen,MIN,WR,31
Zach Ertz,PHI,TE,32
Jarvis Landry,CLE,WR,33
Tom Brady,NEP,QB,34
JuJu Smith-Schuster,PIT,WR,35
Russell Wilson,SEA,QB,36
Larry Fitzgerald,ARI,WR,37
Doug Baldwin,SEA,WR,38
Brandin Cooks,LAR,WR,39
Kenyan Drake,MIA,RB,40
Allen Robinson,CHI,WR,41
Derrick Henry,TEN,RB,42
Lamar Miller,HOU,RB,43
Cam Newton,CAR,QB,44
Royce Freeman,DEN,RB,45
Jimmy Graham,GBP,TE,46
Golden Tate,PHI,WR,47
Chris Hogan,NEP,WR,48
Drew Brees,NOS,QB,49
Evan Engram,NYG,TE,50
Mark Ingram,NOS,RB,51
Corey Davis,TEN,WR,52
Alshon Jeffery,PHI,WR,53
Carson Wentz,PHI,QB,54
Sony Michel,NEP,RB,55
Jamaal Williams,GBP,RB,56
Sammy Watkins,KCC,WR,57
Dion Lewis,TEN,RB,58
Julian Edelman,NEP,WR,59
Kirk Cousins,MIN,QB,60
Tevin Coleman,ATL,RB,61
Michael Crabtree,BAL,WR,62
Rex Burkhead,NEP,RB,63
Carlos Hyde,JAC,RB,64
Kyle Rudolph,MIN,TE,65
Andrew Luck,IND,QB,66
Rashaad Penny,SEA,RB,67
Marquise Goodwin,SFO,WR,68
Jordy Nelson,OAK,WR,69
Matthew Stafford,DET,QB,70
Robert Woods,LAR,WR,71
Trey Burton,CHI,TE,72
Ben Roethlisberger,PIT,QB,73
Tarik Cohen,CHI,RB,74
Devin Funchess,CAR,WR,75
Philip Rivers,LAC,QB,76
Duke Johnson,CLE,RB,77
Matt Ryan,ATL,QB,78
Marlon Mack,IND,RB,79
Ronald Jones,TBB,RB,80
Jared Goff,LAR,QB,81
DeVante Parker,MIA,WR,82
Robby Anderson,NYJ,WR,83
Chris Thompson,WAS,RB,84
Jamison Crowder,WAS,WR,85
Adrian Peterson,WAS,RB,86
Patrick Mahomes,KCC,QB,87
Nelson Agholor,PHI,WR,88
Chris Carson,SEA,RB,89
Randall Cobb,GBP,WR,90
David Njoku,CLE,TE,91
Sterling Shepard,NYG,WR,92
Peyton Barber,TBB,RB,93
Kenny Stills,MIA,WR,94
Nick Chubb,CLE,RB,95
Justin Tucker,BAL,PK,96
Dak Prescott,DAL,QB,97
Marcus Mariota,TEN,QB,98
James White,NEP,RB,99
Alfred Morris,SFO,RB,100
Kelvin Benjamin,KCC,WR,101
Stephen Gostkowski,NEP,PK,102
D.J. Moore,CAR,WR,103
Calvin Ridley,ATL,WR,104
Derek Carr,OAK,QB,105
Keelan Cole,JAC,WR,106
Greg Zuerlein,LAR,PK,107
George Kittle,SFO,TE,108
Mike Williams,LAC,WR,109
Giovani Bernard,CIN,RB,110
C.J. Anderson,LAR,RB,111
Devontae Booker,DEN,RB,112
Jameis Winston,TBB,QB,113
Kenny Golladay,DET,WR,114
Josh Doctson,WAS,WR,115
Latavius Murray,MIN,RB,116
Ty Montgomery,BAL,RB,117
Mitchell Trubisky,CHI,QB,118
Michael Gallup,DAL,WR,119
Blake Bortles,JAC,QB,120
Harrison Butker,KCC,PK,121
Tyler Lockett,SEA,WR,122
Ted Ginn Jr.,NOS,WR,123
Mohamed Sanu,ATL,WR,124
Wil Lutz,NOS,PK,125
Eli Manning,NYG,QB,126
Anthony Miller,CHI,WR,127
Case Keenum,DEN,QB,128
D'Onta Foreman,HOU,RB,129
Baker Mayfield,CLE,QB,130
Chris Boswell,PIT,PK,131
DeSean Jackson,TBB,WR,132
Chris Godwin,TBB,WR,133
Mike Gesicki,MIA,TE,134
Eric Ebron,IND,TE,135
Courtland Sutton,DEN,WR,136
Matt Bryant,ATL,PK,137
Lamar Jackson,BAL,QB,138
Nyheim Hines,IND,RB,139
Jake Elliott,PHI,PK,140
Josh Rosen,ARI,QB,141
Jared Cook,OAK,TE,142
Sam Darnold,NYJ,QB,143
Theo Riddick,DET,RB,144
John Ross,CIN,WR,145
Robbie Gould,SFO,PK,146
Tyrell Williams,LAC,WR,147
James Conner,PIT,RB,148
Jordan Wilkins,IND,RB,149
Tyrod Taylor,CLE,QB,150
Vance McDonald,PIT,TE,151
Cameron Brate,TBB,TE,152
Ryan Tannehill,MIA,QB,153
Javorius Allen,BAL,RB,154
Charles Clay,BUF,TE,155
Matt Prater,DET,PK,156
Doug Martin,OAK,RB,157
Hayden Hurst,BAL,TE,158
Austin Hooper,ATL,TE,159
Dede Westbrook,JAC,WR,160
LeGarrette Blount,DET,RB,161
James Washington,PIT,WR,162
Joe Flacco,BAL,QB,163
John Brown,BAL,WR,164
T.J. Yeldon,JAC,RB,165
Adam Vinatieri,IND,PK,166
Dan Bailey,MIN,PK,167
Antonio Gates,LAC,TE,168
Austin Ekeler,LAC,RB,169
Mason Crosby,GBP,PK,170
Kalen Ballage,MIA,RB,171
Ricky Seals-Jones,ARI,TE,172
Spencer Ware,KCC,RB,173
Josh Allen,BUF,QB,174
Dallas Goedert,PHI,TE,175
Danny Amendola,MIA,WR,176
Donte Moncrief,JAC,WR,177
Ben Watson,NOS,TE,178
Daniel Carlson,OAK,PK,179
Sam Bradford,FA,QB,180
Chris Ivory,BUF,RB,181
Brandon McManus,DEN,PK,182
Ryan Succop,TEN,PK,183
Kenneth Dixon,BAL,RB,184
Samaje Perine,WAS,RB,185
Tre'Quan Smith,NOS,WR,186
John Kelly,LAR,RB,187
Cole Beasley,DAL,WR,188
Chase Edmonds,ARI,RB,189
Nick Vannett,SEA,TE,190
Taywan Taylor,TEN,WR,191
Vernon Davis,WAS,TE,192
Ryan Grant,IND,WR,193
Mike Wallace,PHI,WR,194
Rod Smith,DAL,RB,195
Ameer Abdullah,MIN,RB,196
Jermaine Kearse,NYJ,WR,197
Darren Sproles,PHI,RB,198
