player_name,team,position,player_pick,year
Ladainian Tomlinson,SDC,RB,1,2008
Adrian Peterson,MIN,RB,2,2008
Brian Westbrook,PHI,RB,3,2008
Tom Brady,NEP,QB,4,2008
Joseph Addai,IND,RB,5,2008
Steven Jackson,STL,RB,6,2008
Randy Moss,NEP,WR,7,2008
Marion Barber,DAL,RB,8,2008
Frank Gore,SFO,RB,9,2008
Peyton Manning,IND,QB,10,2008
Clinton Portis,WAS,RB,11,2008
Marshawn Lynch,BUF,RB,12,2008
Terrell Owens,DAL,WR,13,2008
Tony Romo,DAL,QB,14,2008
Reggie Wayne,IND,WR,15,2008
Larry Johnson,KCC,RB,16,2008
Braylon Edwards,CLE,WR,17,2008
Drew Brees,NOS,QB,18,2008
Maurice Jones-Drew,JAC,RB,19,2008
Larry Fitzgerald,ARI,WR,20,2008
Ryan Grant,GBP,RB,21,2008
Andre Johnson,HOU,WR,22,2008
Marques Colston,NOS,WR,23,2008
T.J. Houshmandzadeh,CIN,WR,24,2008
Reggie Bush,NOS,RB,25,2008
Jamal Lewis,CLE,RB,26,2008
Willis McGahee,BAL,RB,27,2008
Carson Palmer,CIN,QB,28,2008
Steve Smith,CAR,WR,29,2008
Plaxico Burress,NYG,WR,30,2008
Chad Ocho Cinco,CIN,WR,31,2008
Ben Roethlisberger,PIT,QB,32,2008
Wes Welker,NEP,WR,33,2008
Torry Holt,STL,WR,34,2008
Darren McFadden,OAK,RB,35,2008
Brandon Jacobs,NYG,RB,36,2008
Laurence Maroney,NEP,RB,37,2008
Willie Parker,PIT,RB,38,2008
Jason Witten,DAL,TE,39,2008
Brandon Marshall,DEN,WR,40,2008
Anquan Boldin,ARI,WR,41,2008
Michael Turner,ATL,RB,42,2008
Santonio Holmes,PIT,WR,43,2008
Antonio Gates,SDC,TE,44,2008
Calvin Johnson,DET,WR,45,2008
Roy Williams,DAL,WR,46,2008
Earnest Graham,TBB,RB,47,2008
Thomas Jones,NYJ,RB,48,2008
Derek Anderson,CLE,QB,49,2008
Kellen Winslow,CLE,TE,50,2008
Donovan McNabb,PHI,QB,51,2008
Greg Jennings,GBP,WR,52,2008
Marvin Harrison,IND,WR,53,2008
Jerricho Cotchery,NYJ,WR,54,2008
Edgerrin James,ARI,RB,55,2008
Tony Gonzalez,KCC,TE,56,2008
Dallas Clark,IND,TE,57,2008
Selvin Young,DEN,RB,58,2008
Matt Hasselbeck,SEA,QB,59,2008
Ronnie Brown,MIA,RB,60,2008
Hines Ward,PIT,WR,61,2008
Lee Evans,BUF,WR,62,2008
Jonathan Stewart,CAR,RB,63,2008
Laveranues Coles,NYJ,WR,64,2008
Dwayne Bowe,KCC,WR,65,2008
Jay Cutler,DEN,QB,66,2008
LenDale White,TEN,RB,67,2008
Chris Cooley,WAS,TE,68,2008
Roddy White,ATL,WR,69,2008
Matt Forte,CHI,RB,70,2008
Chris Chambers,SDC,WR,71,2008
Kevin Smith,DET,RB,72,2008
Jeremy Shockey,NOS,TE,73,2008
Julius Jones,SEA,RB,74,2008
Eli Manning,NYG,QB,75,2008
Donald Driver,GBP,WR,76,2008
Santana Moss,WAS,WR,77,2008
Brett Favre,NYJ,QB,78,2008
Nate Burleson,SEA,WR,79,2008
Fred Taylor,JAC,RB,80,2008
Ricky Williams,MIA,RB,81,2008
David Garrard,JAC,QB,82,2008
DeAngelo Williams,CAR,RB,83,2008
Joey Galloway,TBB,WR,84,2008
Bernard Berrian,MIN,WR,85,2008
Rudi Johnson,DET,RB,86,2008
Patrick Crayton,DAL,WR,87,2008
Anthony Gonzalez,IND,WR,88,2008
Philip Rivers,SDC,QB,89,2008
Marc Bulger,STL,QB,90,2008
Rashard Mendenhall,PIT,RB,91,2008
Chris Johnson,TEN,RB,92,2008
Todd Heap,BAL,TE,93,2008
Vernon Davis,SFO,TE,94,2008
Kevin Curtis,PHI,WR,95,2008
Matt Schaub,HOU,QB,96,2008
Heath Miller,PIT,TE,97,2008
Felix Jones,DAL,RB,98,2008
Chester Taylor,MIN,RB,99,2008
Jake Delhomme,CAR,QB,100,2008
Chris Perry,CIN,RB,101,2008
Nick Folk,DAL,PK,102,2008
Owen Daniels,HOU,TE,103,2008
Donte' Stallworth,CLE,WR,104,2008
Reggie Brown,PHI,WR,105,2008
Aaron Rodgers,GBP,QB,106,2008
Ted Ginn Jr.,MIA,WR,107,2008
Derrick Mason,BAL,WR,108,2008
Stephen Gostkowski,NEP,PK,109,2008
Jon Kitna,DET,QB,110,2008
Tony Scheffler,DEN,TE,111,2008
Justin Fargas,OAK,RB,112,2008
Vincent Jackson,SDC,WR,113,2008
Javon Walker,OAK,WR,114,2008
Ray Rice,BAL,RB,115,2008
Vince Young,TEN,QB,116,2008
Deuce McAllister,NOS,RB,117,2008
Bobby Engram,SEA,WR,118,2008
Kurt Warner,ARI,QB,119,2008
Adam Vinatieri,IND,PK,120,2008
Alge Crumpler,TEN,TE,121,2008
Ahman Green,HOU,RB,122,2008
Jason Campbell,WAS,QB,123,2008
Jerry Porter,JAC,WR,124,2008
DeSean Jackson,PHI,WR,125,2008
Reggie Williams,JAC,WR,126,2008
Sidney Rice,MIN,WR,127,2008
Ahmad Bradshaw,NYG,RB,128,2008
Devin Hester,CHI,WR,129,2008
Nate Kaeding,SDC,PK,130,2008
Steve Slaton,HOU,RB,131,2008
Isaac Bruce,SFO,WR,132,2008
Kenny Watson,CIN,RB,133,2008
Maurice Morris,SEA,RB,134,2008
Jerious Norwood,ATL,RB,135,2008
Ben Watson,NEP,TE,136,2008
Bryant Johnson,SFO,WR,137,2008
Matt Leinart,ARI,QB,138,2008
Mason Crosby,GBP,PK,139,2008
Rob Bironas,TEN,PK,140,2008
D.J. Hackett,CAR,WR,141,2008
Shayne Graham,CIN,PK,142,2008
Greg Olsen,CHI,TE,143,2008
Robert Meachem,NOS,WR,144,2008
Ronald Curry,OAK,WR,145,2008
L.J. Smith,PHI,TE,146,2008
Zach Miller,OAK,TE,147,2008
James Hardy,BUF,WR,148,2008
Kevin Walter,HOU,WR,149,2008
JaMarcus Russell,OAK,QB,150,2008
Jeff Garcia,TBB,QB,151,2008
Josh Brown,STL,PK,152,2008
Jabar Gaffney,NEP,WR,153,2008
Chris Brown,HOU,RB,154,2008
Donald Lee,GBP,TE,155,2008
Pierre Thomas,NOS,RB,156,2008
Kevin Boss,NYG,TE,157,2008
Justin Gage,TEN,WR,158,2008
Leon Washington,NYJ,RB,159,2008
Tim Hightower,ARI,RB,160,2008
Eddie Royal,DEN,WR,161,2008
Tarvaris Jackson,MIN,QB,162,2008
Trent Edwards,BUF,QB,163,2008
Robbie Gould,CHI,PK,164,2008
Muhsin Muhammad,CAR,WR,165,2008
Kevin Jones,CHI,RB,166,2008
Matt Ryan,ATL,QB,167,2008
Ladell Betts,WAS,RB,168,2008
Brandon Jackson,GBP,RB,169,2008
Andre Hall,DEN,RB,170,2008
Deion Branch,SEA,WR,171,2008
J.T. O'Sullivan,SFO,QB,172,2008
Randy McMichael,STL,TE,173,2008
Phil Dawson,CLE,PK,174,2008
Antwaan Randle El,WAS,WR,175,2008
Dustin Keller,NYJ,TE,176,2008
Drew Bennett,STL,WR,177,2008
Warrick Dunn,TBB,RB,178,2008
Josh Scobee,JAC,PK,179,2008
Ben Utecht,CIN,TE,180,2008
Mark Clayton,BAL,WR,181,2008
Amani Toomer,NYG,WR,182,2008
Ryan Torain,DEN,RB,183,2008
Chad Pennington,MIA,QB,184,2008
Tatum Bell,DEN,RB,185,2008
Chris Henry,CIN,WR,186,2008
Steve Smith,NYG,WR,187,2008
Dominic Rhodes,IND,RB,188,2008
Limas Sweed,PIT,WR,189,2008
Neil Rackers,ARI,PK,190,2008
David Akers,PHI,PK,191,2008
Darrell Jackson,DEN,WR,192,2008
Ryan Longwell,MIN,PK,193,2008
Jeff Reed,PIT,PK,194,2008
Sammy Morris,NEP,RB,195,2008
Kris Brown,HOU,PK,196,2008
Jason Hanson,DET,PK,197,2008
Derrick Ward,NYG,RB,198,2008
Darren Sproles,SDC,RB,199,2008
Lamont Jordan,NEP,RB,200,2008
David Patten,NOS,WR,201,2008
James Jones,GBP,WR,202,2008
De'shaun Foster,SFO,RB,203,2008
Fred Jackson,BUF,RB,204,2008
Jason Elam,ATL,PK,205,2008
John Kasay,CAR,PK,206,2008
Marcedes Lewis,JAC,TE,207,2008
Mike Nugent,NYJ,PK,208,2008
Adrian Peterson,MIN,RB,1,2009
Maurice Jones-Drew,JAC,RB,2,2009
Matt Forte,CHI,RB,3,2009
Michael Turner,ATL,RB,4,2009
Larry Fitzgerald,ARI,WR,5,2009
LaDainian Tomlinson,SDC,RB,6,2009
DeAngelo Williams,CAR,RB,7,2009
Steven Jackson,STL,RB,8,2009
Drew Brees,NOS,QB,9,2009
Chris Johnson,TEN,RB,10,2009
Tom Brady,NEP,QB,11,2009
Andre Johnson,HOU,WR,12,2009
Randy Moss,NEP,WR,13,2009
Frank Gore,SFO,RB,14,2009
Steve Slaton,HOU,RB,15,2009
Brian Westbrook,PHI,RB,16,2009
Peyton Manning,IND,QB,17,2009
Calvin Johnson,DET,WR,18,2009
Brandon Jacobs,NYG,RB,19,2009
Reggie Wayne,IND,WR,20,2009
Greg Jennings,GBP,WR,21,2009
Marion Barber,DAL,RB,22,2009
Steve Smith,CAR,WR,23,2009
Aaron Rodgers,GBP,QB,24,2009
Clinton Portis,WAS,RB,25,2009
Roddy White,ATL,WR,26,2009
Anquan Boldin,ARI,WR,27,2009
Marques Colston,NOS,WR,28,2009
Philip Rivers,SDC,QB,29,2009
Ronnie Brown,MIA,RB,30,2009
Ryan Grant,GBP,RB,31,2009
Wes Welker,NEP,WR,32,2009
Terrell Owens,BUF,WR,33,2009
Kurt Warner,ARI,QB,34,2009
Dwayne Bowe,KCC,WR,35,2009
Jason Witten,DAL,TE,36,2009
Kevin Smith,DET,RB,37,2009
Tony Romo,DAL,QB,38,2009
Pierre Thomas,NOS,RB,39,2009
T.J. Houshmandzadeh,SEA,WR,40,2009
Chad Ochocinco,CIN,WR,41,2009
Antonio Gates,SDC,TE,42,2009
Roy Williams,DAL,WR,43,2009
Donovan McNabb,PHI,QB,44,2009
Reggie Bush,NOS,RB,45,2009
Vincent Jackson,SDC,WR,46,2009
Darren McFadden,OAK,RB,47,2009
Tony Gonzalez,ATL,TE,48,2009
Joseph Addai,IND,RB,49,2009
Braylon Edwards,NYJ,WR,50,2009
Brandon Marshall,DEN,WR,51,2009
Matt Ryan,ATL,QB,52,2009
Thomas Jones,NYJ,RB,53,2009
DeSean Jackson,PHI,WR,54,2009
Dallas Clark,IND,TE,55,2009
Marshawn Lynch,BUF,RB,56,2009
Anthony Gonzalez,IND,WR,57,2009
Larry Johnson,CIN,RB,58,2009
Santonio Holmes,PIT,WR,59,2009
Knowshon Moreno,DEN,RB,60,2009
Eddie Royal,DEN,WR,61,2009
Jay Cutler,CHI,QB,62,2009
Willie Parker,PIT,RB,63,2009
Ray Rice,BAL,RB,64,2009
Matt Schaub,HOU,QB,65,2009
Bernard Berrian,MIN,WR,66,2009
Greg Olsen,CHI,TE,67,2009
Derrick Ward,TBB,RB,68,2009
Hines Ward,PIT,WR,69,2009
Antonio Bryant,TBB,WR,70,2009
Lee Evans,BUF,WR,71,2009
Chris Wells,ARI,RB,72,2009
Santana Moss,WAS,WR,73,2009
Carson Palmer,CIN,QB,74,2009
LenDale White,TEN,RB,75,2009
Chris Cooley,WAS,TE,76,2009
Cedric Benson,CIN,RB,77,2009
Felix Jones,DAL,RB,78,2009
Jonathan Stewart,CAR,RB,79,2009
Ben Roethlisberger,PIT,QB,80,2009
Lance Moore,NOS,WR,81,2009
Owen Daniels,HOU,TE,82,2009
Donald Driver,GBP,WR,83,2009
Devin Hester,CHI,WR,84,2009
Jerricho Cotchery,NYJ,WR,85,2009
Kellen Winslow,TBB,TE,86,2009
Laveranues Coles,CIN,WR,87,2009
Eli Manning,NYG,QB,88,2009
Donald Brown,IND,RB,89,2009
Darren Sproles,SDC,RB,90,2009
Kevin Walter,HOU,WR,91,2009
Donnie Avery,STL,WR,92,2009
Matt Hasselbeck,SEA,QB,93,2009
Torry Holt,JAC,WR,94,2009
Julius Jones,SEA,RB,95,2009
Jamal Lewis,CLE,RB,96,2009
Derrick Mason,BAL,WR,97,2009
Leon Washington,NYJ,RB,98,2009
John Carlson,SEA,TE,99,2009
Stephen Gostkowski,NEP,PK,100,2009
Ted Ginn Jr.,MIA,WR,101,2009
Percy Harvin,MIN,WR,102,2009
Matt Cassel,KCC,QB,103,2009
Tim Hightower,ARI,RB,104,2009
Ahmad Bradshaw,NYG,RB,105,2009
Steve Breaston,ARI,WR,106,2009
LeSean McCoy,PHI,RB,107,2009
Jeremy Shockey,NOS,TE,108,2009
Brett Favre,MIN,QB,109,2009
Rashard Mendenhall,PIT,RB,110,2009
David Garrard,JAC,QB,111,2009
Visanthe Shiancoe,MIN,TE,112,2009
Zach Miller,OAK,TE,113,2009
Chris Henry,CIN,WR,114,2009
Domenik Hixon,NYG,WR,115,2009
Dustin Keller,NYJ,TE,116,2009
Trent Edwards,BUF,QB,117,2009
Fred Jackson,BUF,RB,118,2009
Chester Taylor,MIN,RB,119,2009
Rob Bironas,TEN,PK,120,2009
Joe Flacco,BAL,QB,121,2009
Steve Smith,NYG,WR,122,2009
Willis McGahee,BAL,RB,123,2009
Chris Chambers,KCC,WR,124,2009
Josh Morgan,SFO,WR,125,2009
Fred Taylor,NEP,RB,126,2009
Earnest Graham,TBB,RB,127,2009
Michael Crabtree,SFO,WR,128,2009
Kevin Boss,NYG,TE,129,2009
Mason Crosby,GBP,PK,130,2009
Heath Miller,PIT,TE,131,2009
David Akers,PHI,PK,132,2009
Kyle Orton,DEN,QB,133,2009
Jake Delhomme,CAR,QB,134,2009
Patrick Crayton,DAL,WR,135,2009
Nate Kaeding,SDC,PK,136,2009
Earl Bennett,CHI,WR,137,2009
Jerious Norwood,ATL,RB,138,2009
Justin Gage,TEN,WR,139,2009
Chad Pennington,MIA,QB,140,2009
Jeremy Maclin,PHI,WR,141,2009
Ryan Longwell,MIN,PK,142,2009
Laurence Maroney,NEP,RB,143,2009
Le'Ron McClain,BAL,RB,144,2009
James Davis,CLE,RB,145,2009
Hakeem Nicks,NYG,WR,146,2009
Brent Celek,PHI,TE,147,2009
Jason Campbell,WAS,QB,148,2009
Muhsin Muhammad,CAR,WR,149,2009
Vernon Davis,SFO,TE,150,2009
Jason Elam,FA,PK,151,2009
Nate Washington,TEN,WR,152,2009
Kevin Curtis,PHI,WR,153,2009
Shonn Greene,NYJ,RB,154,2009
Mark Sanchez,NYJ,QB,155,2009
Ricky Williams,MIA,RB,156,2009
Jamaal Charles,KCC,RB,157,2009
Anthony Fasano,MIA,TE,158,2009
Carnell Williams,TBB,RB,159,2009
Michael Jenkins,ATL,WR,160,2009
Nate Burleson,SEA,WR,161,2009
Glen Coffee,SFO,RB,162,2009
Michael Bush,OAK,RB,163,2009
Adam Vinatieri,IND,PK,164,2009
Robbie Gould,CHI,PK,165,2009
Tony Scheffler,DEN,TE,166,2009
Mark Clayton,BAL,WR,167,2009
Nick Folk,FA*,PK,168,2009
Neil Rackers,ARI,PK,169,2009
Miles Austin,DAL,WR,170,2009
Kerry Collins,TEN,QB,171,2009
Shaun Hill,SFO,QB,172,2009
Matthew Stafford,DET,QB,173,2009
Correll Buckhalter,DEN,RB,174,2009
Joey Galloway,PIT,WR,175,2009
Jermichael Finley,GBP,TE,176,2009
Bo Scaife,TEN,TE,177,2009
Brady Quinn,CLE,QB,178,2009
Todd Heap,BAL,TE,179,2009
Edgerrin James,FA,RB,180,2009
Marc Bulger,STL,QB,181,2009
Kris Brown,HOU,PK,182,2009
Darrius Heyward-Bey,OAK,WR,183,2009
Sammy Morris,NEP,RB,184,2009
Kevin Faulk,NEP,RB,185,2009
Davone Bess,MIA,WR,186,2009
Deion Branch,SEA,WR,187,2009
Ladell Betts,WAS,RB,188,2009
Isaac Bruce,SFO,WR,189,2009
Sidney Rice,MIN,WR,190,2009
Chaz Schilens,OAK,WR,191,2009
Garrett Hartley,NOS,PK,192,2009
John Carney,FA*,PK,193,2009
John Kasay,CAR,PK,194,2009
JaMarcus Russell,OAK,QB,195,2009
Brandon Pettigrew,DET,TE,196,2009
Michael Vick,PHI,QB,197,2009
Lawrence Tynes,NYG,PK,198,2009
Robert Meachem,NOS,WR,199,2009
Devery Henderson,NOS,WR,200,2009
Jeff Reed,PIT,PK,201,2009
Bernard Scott,CIN,RB,202,2009
Tashard Choice,DAL,RB,203,2009
Brian Robiskie,CLE,WR,204,2009
Josh Brown,STL,PK,205,2009
Peyton Hillis,DEN,RB,206,2009
Laurent Robinson,STL,WR,207,2009
Matt Leinart,ARI,QB,208,2009
Justin Fargas,OAK,RB,209,2009
Rian Lindell,BUF,PK,210,2009
Matt Prater,DEN,PK,211,2009
Shayne Graham,CIN,PK,212,2009
Chris Johnson,TEN,RB,1,2010
Adrian Peterson,MIN,RB,2,2010
Maurice Jones-Drew,JAC,RB,3,2010
Ray Rice,BAL,RB,4,2010
Aaron Rodgers,GBP,QB,5,2010
Frank Gore,SFO,RB,6,2010
Andre Johnson,HOU,WR,7,2010
Drew Brees,NOS,QB,8,2010
Michael Turner,ATL,RB,9,2010
Peyton Manning,IND,QB,10,2010
Steven Jackson,STL,RB,11,2010
Randy Moss,TEN,WR,12,2010
Reggie Wayne,IND,WR,13,2010
Rashard Mendenhall,PIT,RB,14,2010
Tom Brady,NEP,QB,15,2010
DeAngelo Williams,CAR,RB,16,2010
Larry Fitzgerald,ARI,WR,17,2010
Ryan Mathews,SDC,RB,18,2010
Calvin Johnson,DET,WR,19,2010
Miles Austin,DAL,WR,20,2010
Roddy White,ATL,WR,21,2010
Ryan Grant,GBP,RB,22,2010
Tony Romo,DAL,QB,23,2010
Matt Schaub,HOU,QB,24,2010
Brandon Marshall,MIA,WR,25,2010
Shonn Greene,NYJ,RB,26,2010
Greg Jennings,GBP,WR,27,2010
DeSean Jackson,PHI,WR,28,2010
Cedric Benson,CIN,RB,29,2010
Marques Colston,NOS,WR,30,2010
Philip Rivers,SDC,QB,31,2010
Jamaal Charles,KCC,RB,32,2010
Pierre Thomas,NOS,RB,33,2010
Anquan Boldin,BAL,WR,34,2010
Dallas Clark,IND,TE,35,2010
LeSean McCoy,PHI,RB,36,2010
Antonio Gates,SDC,TE,37,2010
Steve Smith,NYG,WR,38,2010
Wes Welker,NEP,WR,39,2010
Steve Smith,CAR,WR,40,2010
Joseph Addai,IND,RB,41,2010
Chris Wells,ARI,RB,42,2010
Chad Ochocinco,CIN,WR,43,2010
Knowshon Moreno,DEN,RB,44,2010
Matt Forte,CHI,RB,45,2010
Jahvid Best,DET,RB,46,2010
Jermichael Finley,GBP,TE,47,2010
Michael Crabtree,SFO,WR,48,2010
Vernon Davis,SFO,TE,49,2010
Jonathan Stewart,CAR,RB,50,2010
Jason Witten,DAL,TE,51,2010
Ronnie Brown,MIA,RB,52,2010
Joe Flacco,BAL,QB,53,2010
C.J. Spiller,BUF,RB,54,2010
Mike Sims-Walker,JAC,WR,55,2010
Dwayne Bowe,KCC,WR,56,2010
Hakeem Nicks,NYG,WR,57,2010
Percy Harvin,MIN,WR,58,2010
Arian Foster,HOU,RB,59,2010
Hines Ward,PIT,WR,60,2010
Felix Jones,DAL,RB,61,2010
Brent Celek,PHI,TE,62,2010
Pierre Garcon,IND,WR,63,2010
Kevin Kolb,PHI,QB,64,2010
Tony Gonzalez,ATL,TE,65,2010
Brett Favre,MIN,QB,66,2010
Reggie Bush,NOS,RB,67,2010
Matt Ryan,ATL,QB,68,2010
Jay Cutler,CHI,QB,69,2010
Donald Driver,GBP,WR,70,2010
Carson Palmer,CIN,QB,71,2010
Mike Wallace,PIT,WR,72,2010
Marion Barber,DAL,RB,73,2010
Terrell Owens,CIN,WR,74,2010
Ahmad Bradshaw,NYG,RB,75,2010
Eli Manning,NYG,QB,76,2010
Jeremy Maclin,PHI,WR,77,2010
Santana Moss,WAS,WR,78,2010
Brandon Jacobs,NYG,RB,79,2010
Dez Bryant,DAL,WR,80,2010
Malcom Floyd,SDC,WR,81,2010
Jerome Harrison,PHI,RB,82,2010
Owen Daniels,HOU,TE,83,2010
Ricky Williams,MIA,RB,84,2010
Robert Meachem,NOS,WR,85,2010
Johnny Knox,CHI,WR,86,2010
Clinton Portis,WAS,RB,87,2010
Justin Forsett,SEA,RB,88,2010
Visanthe Shiancoe,MIN,TE,89,2010
Carnell Williams,TBB,RB,90,2010
Chris Cooley,WAS,TE,91,2010
Donovan McNabb,WAS,QB,92,2010
LaDainian Tomlinson,NYJ,RB,93,2010
T.J. Houshmandzadeh,BAL,WR,94,2010
Kellen Winslow,TBB,TE,95,2010
Zach Miller,OAK,TE,96,2010
Santonio Holmes,NYJ,WR,97,2010
Michael Bush,OAK,RB,98,2010
Braylon Edwards,NYJ,WR,99,2010
Ben Roethlisberger,PIT,QB,100,2010
Steve Breaston,ARI,WR,101,2010
Matthew Stafford,DET,QB,102,2010
Thomas Jones,KCC,RB,103,2010
Derrick Mason,BAL,WR,104,2010
Darren McFadden,OAK,RB,105,2010
Donald Brown,IND,RB,106,2010
Bernard Berrian,MIN,WR,107,2010
Tim Hightower,ARI,RB,108,2010
Lee Evans,BUF,WR,109,2010
Devin Aromashodu,CHI,WR,110,2010
Nate Kaeding,SDC,PK,111,2010
Darren Sproles,SDC,RB,112,2010
Chad Henne,MIA,QB,113,2010
Eddie Royal,DEN,WR,114,2010
Kenny Britt,TEN,WR,115,2010
Heath Miller,PIT,TE,116,2010
Jabar Gaffney,DEN,WR,117,2010
Garrett Hartley,NOS,PK,118,2010
Montario Hardesty,CLE,RB,119,2010
Devin Hester,CHI,WR,120,2010
Fred Jackson,BUF,RB,121,2010
Mike Williams,TBB,WR,122,2010
Vince Young,TEN,QB,123,2010
Steve Slaton,HOU,RB,124,2010
Laurence Maroney,DEN,RB,125,2010
Mark Sanchez,NYJ,QB,126,2010
Alex Smith,SFO,QB,127,2010
Stephen Gostkowski,NEP,PK,128,2010
Mason Crosby,GBP,PK,129,2010
Chester Taylor,CHI,RB,130,2010
Austin Collie,IND,WR,131,2010
John Carlson,SEA,TE,132,2010
Ryan Longwell,MIN,PK,133,2010
Mohamed Massaquoi,CLE,WR,134,2010
Jacoby Jones,HOU,WR,135,2010
Greg Olsen,CHI,TE,136,2010
Jeremy Shockey,NOS,TE,137,2010
David Akers,PHI,PK,138,2010
Dustin Keller,NYJ,TE,139,2010
Willis McGahee,BAL,RB,140,2010
Matt Cassel,KCC,QB,141,2010
Leon Washington,SEA,RB,142,2010
Kyle Orton,DEN,QB,143,2010
Jerricho Cotchery,NYJ,WR,144,2010
Rob Bironas,TEN,PK,145,2010
Jermaine Gresham,CIN,TE,146,2010
Dexter McCluster,KCC,WR,147,2010
Laurent Robinson,STL,WR,148,2010
Julian Edelman,NEP,WR,149,2010
Anthony Gonzalez,IND,WR,150,2010
David Garrard,JAC,QB,151,2010
Demaryius Thomas,DEN,WR,152,2010
Sam Bradford,STL,QB,153,2010
Nate Burleson,DET,WR,154,2010
Golden Tate,SEA,WR,155,2010
Chris Chambers,KCC,WR,156,2010
Roy Williams,DAL,WR,157,2010
Kareem Huggins,TBB,RB,158,2010
Adam Vinatieri,IND,PK,159,2010
Jason Campbell,OAK,QB,160,2010
Todd Heap,BAL,TE,161,2010
Josh Cribbs,CLE,WR,162,2010
Donnie Avery,STL,WR,163,2010
Kevin Boss,NYG,TE,164,2010
Matt Hasselbeck,SEA,QB,165,2010
Mario Manningham,NYG,WR,166,2010
Bernard Scott,CIN,RB,167,2010
Toby Gerhart,MIN,RB,168,2010
Larry Johnson,FA*,RB,169,2010
Devery Henderson,NOS,WR,170,2010
Matt Leinart,HOU,QB,171,2010
Mike Williams,SEA,WR,172,2010
Matt Prater,DEN,PK,173,2010
Legedu Naanee,SDC,WR,174,2010
Derek Anderson,ARI,QB,175,2010
Louis Murphy,OAK,WR,176,2010
Fred Taylor,NEP,RB,177,2010
Kevin Smith,DET,RB,178,2010
Neil Rackers,HOU,PK,179,2010
Robbie Gould,CHI,PK,180,2010
Kevin Walter,HOU,WR,181,2010
Tashard Choice,DAL,RB,182,2010
Devin Thomas,NYG,WR,183,2010
Lawrence Tynes,NYG,PK,184,2010
Correll Buckhalter,DEN,RB,185,2010
Marshawn Lynch,SEA,RB,186,2010
James Jones,GBP,WR,187,2010
Josh Freeman,TBB,QB,188,2010
Brian Westbrook,SFO,RB,189,2010
Chaz Schilens,OAK,WR,190,2010
Mike Thomas,JAC,WR,191,2010
Sebastian Janikowski,OAK,PK,192,2010
David Buehler,DAL,PK,193,2010
Rob Gronkowski,NEP,TE,194,2010
Tony Scheffler,DET,TE,195,2010
Jay Feely,ARI,PK,196,2010
Javon Ringer,TEN,RB,197,2010
Matt Moore,CAR,QB,198,2010
Fred Davis,WAS,TE,199,2010
Jeff Reed,SFO,PK,200,2010
Lance Moore,NOS,WR,201,2010
Davone Bess,MIA,WR,202,2010
Nick Folk,NYJ,PK,203,2010
Aaron Hernandez,NEP,TE,204,2010
Nate Washington,TEN,WR,205,2010
Rashad Jennings,JAC,RB,206,2010
Anthony Dixon,SFO,RB,207,2010
Dan Carpenter,MIA,PK,208,2010
Mike Bell,CLE,RB,209,2010
Jason Snelling,ATL,RB,210,2010
Anthony Fasano,MIA,TE,211,2010
Matt Bryant,ATL,PK,212,2010
Shayne Graham,NEP,PK,213,2010
Joe Nedney,SFO,PK,214,2010
Adrian Peterson,MIN,RB,1,2011
Arian Foster,HOU,RB,2,2011
Ray Rice,BAL,RB,3,2011
Chris Johnson,TEN,RB,4,2011
Jamaal Charles,KCC,RB,5,2011
Aaron Rodgers,GBP,QB,6,2011
LeSean McCoy,PHI,RB,7,2011
Michael Vick,PHI,QB,8,2011
Andre Johnson,HOU,WR,9,2011
Rashard Mendenhall,PIT,RB,10,2011
Maurice Jones-Drew,JAC,RB,11,2011
Calvin Johnson,DET,WR,12,2011
Roddy White,ATL,WR,13,2011
Tom Brady,NEP,QB,14,2011
Darren McFadden,OAK,RB,15,2011
Larry Fitzgerald,ARI,WR,16,2011
Drew Brees,NOS,QB,17,2011
Michael Turner,ATL,RB,18,2011
Philip Rivers,SDC,QB,19,2011
Frank Gore,SFO,RB,20,2011
Greg Jennings,GBP,WR,21,2011
Hakeem Nicks,NYG,WR,22,2011
Matt Forte,CHI,RB,23,2011
Steven Jackson,STL,RB,24,2011
Vincent Jackson,SDC,WR,25,2011
Peyton Hillis,CLE,RB,26,2011
Mike Wallace,PIT,WR,27,2011
DeSean Jackson,PHI,WR,28,2011
Miles Austin,DAL,WR,29,2011
Reggie Wayne,IND,WR,30,2011
LeGarrette Blount,TBB,RB,31,2011
Dwayne Bowe,KCC,WR,32,2011
Ahmad Bradshaw,NYG,RB,33,2011
Antonio Gates,SDC,TE,34,2011
Peyton Manning,IND,QB,35,2011
Tony Romo,DAL,QB,36,2011
Jahvid Best,DET,RB,37,2011
Felix Jones,DAL,RB,38,2011
Dez Bryant,DAL,WR,39,2011
Mike Williams,TBB,WR,40,2011
Wes Welker,NEP,WR,41,2011
Shonn Greene,NYJ,RB,42,2011
Matt Ryan,ATL,QB,43,2011
Ryan Mathews,SDC,RB,44,2011
Brandon Marshall,MIA,WR,45,2011
Jermichael Finley,GBP,TE,46,2011
Matt Schaub,HOU,QB,47,2011
Jason Witten,DAL,TE,48,2011
DeAngelo Williams,CAR,RB,49,2011
Marques Colston,NOS,WR,50,2011
Brandon Lloyd,STL,WR,51,2011
Santonio Holmes,NYJ,WR,52,2011
Mark Ingram,NOS,RB,53,2011
Knowshon Moreno,DEN,RB,54,2011
Ben Roethlisberger,PIT,QB,55,2011
Dallas Clark,IND,TE,56,2011
Steve Johnson,BUF,WR,57,2011
Anquan Boldin,BAL,WR,58,2011
Jeremy Maclin,PHI,WR,59,2011
Vernon Davis,SFO,TE,60,2011
Percy Harvin,MIN,WR,61,2011
Ryan Grant,GBP,RB,62,2011
Mario Manningham,NYG,WR,63,2011
Chad Ochocinco,NEP,WR,64,2011
Cedric Benson,CIN,RB,65,2011
Beanie Wells,ARI,RB,66,2011
Kenny Britt,TEN,WR,67,2011
BenJarvus Green-Ellis,NEP,RB,68,2011
Matthew Stafford,DET,QB,69,2011
Josh Freeman,TBB,QB,70,2011
Julio Jones,ATL,WR,71,2011
Owen Daniels,HOU,TE,72,2011
Austin Collie,IND,WR,73,2011
Joseph Addai,IND,RB,74,2011
Jimmy Graham,NOS,TE,75,2011
Tim Hightower,WAS,RB,76,2011
Marshawn Lynch,SEA,RB,77,2011
Reggie Bush,MIA,RB,78,2011
Fred Jackson,BUF,RB,79,2011
Sidney Rice,SEA,WR,80,2011
Eli Manning,NYG,QB,81,2011
Santana Moss,WAS,WR,82,2011
Sam Bradford,STL,QB,83,2011
Pierre Garcon,IND,WR,84,2011
Daniel Thomas,MIA,RB,85,2011
Jonathan Stewart,CAR,RB,86,2011
Joe Flacco,BAL,QB,87,2011
Plaxico Burress,NYJ,WR,88,2011
A.J. Green,CIN,WR,89,2011
Marcedes Lewis,JAC,TE,90,2011
Steve Smith,CAR,WR,91,2011
Mike Tolbert,SDC,RB,92,2011
Mike Thomas,JAC,WR,93,2011
Rob Gronkowski,NEP,TE,94,2011
Brandon Jacobs,NYG,RB,95,2011
Danny Amendola,STL,WR,96,2011
Kevin Kolb,ARI,QB,97,2011
Kellen Winslow,TBB,TE,98,2011
Lance Moore,NOS,WR,99,2011
C.J. Spiller,BUF,RB,100,2011
James Starks,GBP,RB,101,2011
Michael Crabtree,SFO,WR,102,2011
Mike Sims-Walker,JAC,WR,103,2011
Johnny Knox,CHI,WR,104,2011
Pierre Thomas,NOS,RB,105,2011
Brandon Pettigrew,DET,TE,106,2011
Jay Cutler,CHI,QB,107,2011
Tony Gonzalez,ATL,TE,108,2011
Malcom Floyd,SDC,WR,109,2011
Braylon Edwards,FA,WR,110,2011
Lee Evans,BAL,WR,111,2011
Jacoby Ford,OAK,WR,112,2011
Hines Ward,PIT,WR,113,2011
Mark Sanchez,NYJ,QB,114,2011
Matt Cassel,KCC,QB,115,2011
LaDainian Tomlinson,NYJ,RB,116,2011
Michael Bush,OAK,RB,117,2011
Jordy Nelson,GBP,WR,118,2011
Nate Kaeding,SDC,PK,119,2011
Sebastian Janikowski,OAK,PK,120,2011
Willis McGahee,DEN,RB,121,2011
Aaron Hernandez,NEP,TE,122,2011
Zach Miller,SEA,TE,123,2011
Kyle Orton,KCC,QB,124,2011
Davone Bess,MIA,WR,125,2011
Danny Woodhead,NEP,RB,126,2011
Nate Burleson,DET,WR,127,2011
Mason Crosby,GBP,PK,128,2011
Stephen Gostkowski,NEP,PK,129,2011
Donovan McNabb,MIN,QB,130,2011
Ryan Torain,FA,RB,131,2011
Greg Olsen,CAR,TE,132,2011
Dustin Keller,NYJ,TE,133,2011
Ben Tate,HOU,RB,134,2011
Roy Williams,CHI,WR,135,2011
Robert Meachem,NOS,WR,136,2011
Chris Cooley,WAS,TE,137,2011
Ryan Fitzpatrick,BUF,QB,138,2011
Roy Helu,WAS,RB,139,2011
Greg Little,CLE,WR,140,2011
Mike Williams,SEA,WR,141,2011
Ronnie Brown,PHI,RB,142,2011
Darren Sproles,NOS,RB,143,2011
Colt McCoy,CLE,QB,144,2011
Deion Branch,NEP,WR,145,2011
Neil Rackers,HOU,PK,146,2011
Antonio Brown,PIT,WR,147,2011
Jared Cook,TEN,TE,148,2011
Delone Carter,IND,RB,149,2011
Steve Smith,PHI,WR,150,2011
Matt Bryant,ATL,PK,151,2011
Cam Newton,CAR,QB,152,2011
Brent Celek,PHI,TE,153,2011
Garrett Hartley,NOS,PK,154,2011
Donald Driver,GBP,WR,155,2011
James Jones,GBP,WR,156,2011
Lance Kendricks,STL,TE,157,2011
Thomas Jones,KCC,RB,158,2011
Montario Hardesty,CLE,RB,159,2011
Javon Ringer,TEN,RB,160,2011
Alex Henery,PHI,PK,161,2011
Marion Barber,CHI,RB,162,2011
DeMarco Murray,DAL,RB,163,2011
Adam Vinatieri,IND,PK,164,2011
Jermaine Gresham,CIN,TE,165,2011
Steve Breaston,KCC,WR,166,2011
Josh Brown,STL,PK,167,2011
Emmanuel Sanders,PIT,WR,168,2011
Heath Miller,PIT,TE,169,2011
Todd Heap,ARI,TE,170,2011
Jerome Harrison,DET,RB,171,2011
Visanthe Shiancoe,MIN,TE,172,2011
David Garrard,FA,QB,173,2011
Matt Hasselbeck,TEN,QB,174,2011
Jerome Simpson,CIN,WR,175,2011
David Akers,SFO,PK,176,2011
Jason Campbell,OAK,QB,177,2011
Arrelious Benn,TBB,WR,178,2011
Kendall Hunter,SFO,RB,179,2011
Rob Bironas,TEN,PK,180,2011
Andre Roberts,ARI,WR,181,2011
Ricky Williams,BAL,RB,182,2011
Bernard Scott,CIN,RB,183,2011
Denarius Moore,OAK,WR,184,2011
Bernard Berrian,FA,WR,185,2011
Jason Snelling,ATL,RB,186,2011
Tashard Choice,BUF,RB,187,2011
Devin Hester,CHI,WR,188,2011
Tim Tebow,DEN,QB,189,2011
Chad Henne,MIA,QB,190,2011
Robbie Gould,CHI,PK,191,2011
Earl Bennett,CHI,WR,192,2011
Stevan Ridley,NEP,RB,193,2011
Shane Vereen,NEP,RB,194,2011
Eddie Royal,DEN,WR,195,2011
Ben Watson,CLE,TE,196,2011
Nick Folk,NYJ,PK,197,2011
Billy Cundiff,BAL,PK,198,2011
Donald Brown,IND,RB,199,2011
Dan Carpenter,MIA,PK,200,2011
Ryan Longwell,MIN,PK,201,2011
Shaun Suisham,PIT,PK,202,2011
Mark Clayton,STL,WR,203,2011
Jacoby Jones,HOU,WR,204,2011
Toby Gerhart,MIN,RB,205,2011
Jason Hanson,DET,PK,206,2011
Derrick Mason,FA,WR,207,2011
Jay Feely,ARI,PK,208,2011
David Buehler,DAL,PK,209,2011
Arian Foster,HOU,RB,1,2012
Aaron Rodgers,GBP,QB,2,2012
Ray Rice,BAL,RB,3,2012
LeSean McCoy,PHI,RB,4,2012
Tom Brady,NEP,QB,5,2012
Calvin Johnson,DET,WR,6,2012
Drew Brees,NOS,QB,7,2012
Chris Johnson,TEN,RB,8,2012
Darren McFadden,OAK,RB,9,2012
Matt Forte,CHI,RB,10,2012
Matthew Stafford,DET,QB,11,2012
Cam Newton,CAR,QB,12,2012
Jimmy Graham,NOS,TE,13,2012
Maurice Jones-Drew,JAC,RB,14,2012
Rob Gronkowski,NEP,TE,15,2012
Larry Fitzgerald,ARI,WR,16,2012
DeMarco Murray,DAL,RB,17,2012
Julio Jones,ATL,WR,18,2012
Adrian Peterson,MIN,RB,19,2012
Andre Johnson,HOU,WR,20,2012
Wes Welker,NEP,WR,21,2012
Jamaal Charles,KCC,RB,22,2012
Marshawn Lynch,SEA,RB,23,2012
A.J. Green,CIN,WR,24,2012
Roddy White,ATL,WR,25,2012
Ryan Mathews,SDC,RB,26,2012
Greg Jennings,GBP,WR,27,2012
Victor Cruz,NYG,WR,28,2012
Trent Richardson,CLE,RB,29,2012
Brandon Marshall,CHI,WR,30,2012
Steven Jackson,STL,RB,31,2012
Darren Sproles,NOS,RB,32,2012
Fred Jackson,BUF,RB,33,2012
Jordy Nelson,GBP,WR,34,2012
Hakeem Nicks,NYG,WR,35,2012
Eli Manning,NYG,QB,36,2012
Michael Turner,ATL,RB,37,2012
Ahmad Bradshaw,NYG,RB,38,2012
Matt Ryan,ATL,QB,39,2012
Mike Wallace,PIT,WR,40,2012
Frank Gore,SFO,RB,41,2012
Dez Bryant,DAL,WR,42,2012
Doug Martin,TBB,RB,43,2012
Marques Colston,NOS,WR,44,2012
Michael Vick,PHI,QB,45,2012
Steve Smith,CAR,WR,46,2012
Percy Harvin,MIN,WR,47,2012
Aaron Hernandez,NEP,TE,48,2012
Antonio Gates,SDC,TE,49,2012
Demaryius Thomas,DEN,WR,50,2012
Reggie Bush,MIA,RB,51,2012
Peyton Manning,DEN,QB,52,2012
Tony Romo,DAL,QB,53,2012
Vernon Davis,SFO,TE,54,2012
Antonio Brown,PIT,WR,55,2012
Brandon Lloyd,NEP,WR,56,2012
Eric Decker,DEN,WR,57,2012
Jeremy Maclin,PHI,WR,58,2012
Miles Austin,DAL,WR,59,2012
Vincent Jackson,TBB,WR,60,2012
Dwayne Bowe,KCC,WR,61,2012
Jermichael Finley,GBP,TE,62,2012
Philip Rivers,SDC,QB,63,2012
DeSean Jackson,PHI,WR,64,2012
Willis McGahee,DEN,RB,65,2012
BenJarvus Green-Ellis,CIN,RB,66,2012
Stevie Johnson,BUF,WR,67,2012
Shonn Greene,NYJ,RB,68,2012
Torrey Smith,BAL,WR,69,2012
Jason Witten,DAL,TE,70,2012
Reggie Wayne,IND,WR,71,2012
Pierre Garcon,WAS,WR,72,2012
Robert Griffin III,WAS,QB,73,2012
Beanie Wells,ARI,RB,74,2012
Brandon Pettigrew,DET,TE,75,2012
Jonathan Stewart,CAR,RB,76,2012
Donald Brown,IND,RB,77,2012
Stevan Ridley,NEP,RB,78,2012
Kenny Britt,TEN,WR,79,2012
Ben Roethlisberger,PIT,QB,80,2012
Peyton Hillis,KCC,RB,81,2012
Jay Cutler,CHI,QB,82,2012
Roy Helu,WAS,RB,83,2012
Matt Schaub,HOU,QB,84,2012
Tony Gonzalez,ATL,TE,85,2012
Fred Davis,WAS,TE,86,2012
Robert Meachem,SDC,WR,87,2012
Isaac Redman,PIT,RB,88,2012
C.J. Spiller,BUF,RB,89,2012
Cedric Benson,GBP,RB,90,2012
Justin Blackmon,JAC,WR,91,2012
Mark Ingram,NOS,RB,92,2012
Ben Tate,HOU,RB,93,2012
Titus Young,DET,WR,94,2012
DeAngelo Williams,CAR,RB,95,2012
Kevin Smith,DET,RB,96,2012
Denarius Moore,OAK,WR,97,2012
Andrew Luck,IND,QB,98,2012
David Wilson,NYG,RB,99,2012
Jacob Tamme,DEN,TE,100,2012
Malcom Floyd,SDC,WR,101,2012
Michael Crabtree,SFO,WR,102,2012
Anquan Boldin,BAL,WR,103,2012
Darrius Heyward-Bey,OAK,WR,104,2012
Michael Bush,CHI,RB,105,2012
Ryan Williams,ARI,RB,106,2012
Jermaine Gresham,CIN,TE,107,2012
Santonio Holmes,NYJ,WR,108,2012
David Akers,SFO,PK,109,2012
Joe Flacco,BAL,QB,110,2012
Lance Moore,NOS,WR,111,2012
Greg Little,CLE,WR,112,2012
Sidney Rice,SEA,WR,113,2012
Nate Washington,TEN,WR,114,2012
Rashad Jennings,JAC,RB,115,2012
Stephen Gostkowski,NEP,PK,116,2012
Toby Gerhart,MIN,RB,117,2012
Jared Cook,TEN,TE,118,2012
Randy Moss,SFO,WR,119,2012
Josh Freeman,TBB,QB,120,2012
Brent Celek,PHI,TE,121,2012
Greg Olsen,CAR,TE,122,2012
Andy Dalton,CIN,QB,123,2012
Rashard Mendenhall,PIT,RB,124,2012
Sebastian Janikowski,OAK,PK,125,2012
Jacquizz Rodgers,ATL,RB,126,2012
Mike Williams,TBB,WR,127,2012
Jahvid Best,DET,RB,128,2012
Mason Crosby,GBP,PK,129,2012
Mikel Leshoure,DET,RB,130,2012
Owen Daniels,HOU,TE,131,2012
Kendall Wright,TEN,WR,132,2012
LeGarrette Blount,TBB,RB,133,2012
Carson Palmer,OAK,QB,134,2012
Danny Amendola,STL,WR,135,2012
Ryan Fitzpatrick,BUF,QB,136,2012
Coby Fleener,IND,TE,137,2012
Alex Smith,SFO,QB,138,2012
Randall Cobb,GBP,WR,139,2012
Pierre Thomas,NOS,RB,140,2012
James Starks,GBP,RB,141,2012
Kyle Rudolph,MIN,TE,142,2012
Brandon LaFell,CAR,WR,143,2012
Ronnie Hillman,DEN,RB,144,2012
Russell Wilson,SEA,QB,145,2012
Dustin Keller,NYJ,TE,146,2012
Austin Collie,IND,WR,147,2012
Jake Locker,TEN,QB,148,2012
Garrett Hartley,NOS,PK,149,2012
Dan Bailey,DAL,PK,150,2012
Felix Jones,DAL,RB,151,2012
Sam Bradford,STL,QB,152,2012
Michael Floyd,ARI,WR,153,2012
Evan Royster,WAS,RB,154,2012
Kendall Hunter,SFO,RB,155,2012
Alshon Jeffery,CHI,WR,156,2012
Laurent Robinson,JAC,WR,157,2012
Alfred Morris,WAS,RB,158,2012
Daniel Thomas,MIA,RB,159,2012
Matt Prater,DEN,PK,160,2012
Isaiah Pead,STL,RB,161,2012
Santana Moss,WAS,WR,162,2012
Brian Quick,STL,WR,163,2012
Mario Manningham,SFO,WR,164,2012
Jon Baldwin,KCC,WR,165,2012
Shane Vereen,NEP,RB,166,2012
Jason Hanson,DET,PK,167,2012
Davone Bess,MIA,WR,168,2012
Robert Turbin,SEA,RB,169,2012
Alex Henery,PHI,PK,170,2012
Doug Baldwin,SEA,WR,171,2012
Robbie Gould,CHI,PK,172,2012
Ronnie Brown,SDC,RB,173,2012
Martellus Bennett,NYG,TE,174,2012
Tim Hightower,FA*,RB,175,2012
Jonathan Dwyer,PIT,RB,176,2012
Kellen Winslow,FA,TE,177,2012
Matt Bryant,ATL,PK,178,2012
Jerome Simpson,MIN,WR,179,2012
Matt Cassel,KCC,QB,180,2012
Matt Flynn,SEA,QB,181,2012
Christian Ponder,MIN,QB,182,2012
Vincent Brown,SDC,WR,183,2012
Mark Sanchez,NYJ,QB,184,2012
Rob Bironas,TEN,PK,185,2012
Heath Miller,PIT,TE,186,2012
Nate Kaeding,MIA,PK,187,2012
Steve Smith,STL,WR,188,2012
Dallas Clark,TBB,TE,189,2012
Nate Burleson,DET,WR,190,2012
Shayne Graham,HOU,PK,191,2012
Mike Goodson,OAK,RB,192,2012
Alex Green,GBP,RB,193,2012
Tim Tebow,NYJ,QB,194,2012
Rueben Randle,NYG,WR,195,2012
Mike Tolbert,CAR,RB,196,2012
Adam Vinatieri,IND,PK,197,2012
James Jones,GBP,WR,198,2012
Ed Dickson,BAL,TE,199,2012
Taiwan Jones,OAK,RB,200,2012
Emmanuel Sanders,PIT,WR,201,2012
Tony Moeaki,KCC,TE,202,2012
LaMichael James,SFO,RB,203,2012
Leonard Hankerson,WAS,WR,204,2012
Mike Nugent,CIN,PK,205,2012
Montario Hardesty,CLE,RB,206,2012
Bernard Scott,CIN,RB,207,2012
Devery Henderson,NOS,WR,208,2012
Lawrence Tynes,NYG,PK,209,2012
Adrian Peterson,MIN,RB,1,2013
Doug Martin,TBB,RB,2,2013
Arian Foster,HOU,RB,3,2013
Jamaal Charles,KCC,RB,4,2013
Calvin Johnson,DET,WR,5,2013
Ray Rice,BAL,RB,6,2013
C.J. Spiller,BUF,RB,7,2013
Marshawn Lynch,SEA,RB,8,2013
Trent Richardson,IND,RB,9,2013
LeSean McCoy,PHI,RB,10,2013
Aaron Rodgers,GBP,QB,11,2013
A.J. Green,CIN,WR,12,2013
Dez Bryant,DAL,WR,13,2013
Alfred Morris,WAS,RB,14,2013
Drew Brees,NOS,QB,15,2013
Matt Forte,CHI,RB,16,2013
Brandon Marshall,CHI,WR,17,2013
Julio Jones,ATL,WR,18,2013
Jimmy Graham,NOS,TE,19,2013
Chris Johnson,TEN,RB,20,2013
Steven Jackson,ATL,RB,21,2013
Demaryius Thomas,DEN,WR,22,2013
Peyton Manning,DEN,QB,23,2013
Reggie Bush,DET,RB,24,2013
Larry Fitzgerald,ARI,WR,25,2013
Maurice Jones-Drew,JAC,RB,26,2013
Andre Johnson,HOU,WR,27,2013
Stevan Ridley,NEP,RB,28,2013
Randall Cobb,GBP,WR,29,2013
Roddy White,ATL,WR,30,2013
Victor Cruz,NYG,WR,31,2013
Tom Brady,NEP,QB,32,2013
Frank Gore,SFO,RB,33,2013
DeMarco Murray,DAL,RB,34,2013
David Wilson,NYG,RB,35,2013
Cam Newton,CAR,QB,36,2013
Darren Sproles,NOS,RB,37,2013
Vincent Jackson,TBB,WR,38,2013
Wes Welker,DEN,WR,39,2013
Matt Ryan,ATL,QB,40,2013
Darren McFadden,OAK,RB,41,2013
Marques Colston,NOS,WR,42,2013
Danny Amendola,NEP,WR,43,2013
Dwayne Bowe,KCC,WR,44,2013
Rob Gronkowski,NEP,TE,45,2013
Reggie Wayne,IND,WR,46,2013
Lamar Miller,MIA,RB,47,2013
Colin Kaepernick,SFO,QB,48,2013
Eddie Lacy,GBP,RB,49,2013
Jason Witten,DAL,TE,50,2013
Jordy Nelson,GBP,WR,51,2013
Hakeem Nicks,NYG,WR,52,2013
Matthew Stafford,DET,QB,53,2013
Torrey Smith,BAL,WR,54,2013
Pierre Garcon,WAS,WR,55,2013
Vernon Davis,SFO,TE,56,2013
Andrew Luck,IND,QB,57,2013
Eric Decker,DEN,WR,58,2013
Antonio Brown,PIT,WR,59,2013
Robert Griffin III,WAS,QB,60,2013
Tony Gonzalez,ATL,TE,61,2013
Ryan Mathews,SDC,RB,62,2013
Montee Ball,DEN,RB,63,2013
Mike Wallace,MIA,WR,64,2013
Giovani Bernard,CIN,RB,65,2013
Steve Smith,CAR,WR,66,2013
Russell Wilson,SEA,QB,67,2013
DeSean Jackson,PHI,WR,68,2013
Tony Romo,DAL,QB,69,2013
James Jones,GBP,WR,70,2013
T.Y. Hilton,IND,WR,71,2013
Ahmad Bradshaw,IND,RB,72,2013
Daryl Richardson,STL,RB,73,2013
Le'Veon Bell,PIT,RB,74,2013
Chris Ivory,NYJ,RB,75,2013
Tavon Austin,STL,WR,76,2013
Shane Vereen,NEP,RB,77,2013
Stevie Johnson,BUF,WR,78,2013
Jermichael Finley,GBP,TE,79,2013
Greg Jennings,MIN,WR,80,2013
Cecil Shorts,JAC,WR,81,2013
Rashard Mendenhall,ARI,RB,82,2013
Miles Austin,DAL,WR,83,2013
Anquan Boldin,SFO,WR,84,2013
Kyle Rudolph,MIN,TE,85,2013
Greg Olsen,CAR,TE,86,2013
DeAngelo Williams,CAR,RB,87,2013
BenJarvus Green-Ellis,CIN,RB,88,2013
Josh Gordon,CLE,WR,89,2013
Eli Manning,NYG,QB,90,2013
Mike Williams,TBB,WR,91,2013
Mark Ingram,NOS,RB,92,2013
Ben Tate,HOU,RB,93,2013
Kenny Britt,TEN,WR,94,2013
Jared Cook,STL,TE,95,2013
Lance Moore,NOS,WR,96,2013
Antonio Gates,SDC,TE,97,2013
Owen Daniels,HOU,TE,98,2013
Michael Vick,PHI,QB,99,2013
Andy Dalton,CIN,QB,100,2013
Andre Brown,NYG,RB,101,2013
DeAndre Hopkins,HOU,WR,102,2013
Chris Givens,STL,WR,103,2013
Justin Blackmon,JAC,WR,104,2013
Golden Tate,SEA,WR,105,2013
Kenbrell Thompkins,NEP,WR,106,2013
Vincent Brown,SDC,WR,107,2013
Michael Floyd,ARI,WR,108,2013
Jordan Cameron,CLE,TE,109,2013
Emmanuel Sanders,PIT,WR,110,2013
Ronnie Hillman,DEN,RB,111,2013
Vick Ballard,IND,RB,112,2013
Sidney Rice,SEA,WR,113,2013
Bryce Brown,PHI,RB,114,2013
Ben Roethlisberger,PIT,QB,115,2013
Stephen Gostkowski,NEP,PK,116,2013
Bernard Pierce,BAL,RB,117,2013
Alshon Jeffery,CHI,WR,118,2013
Jay Cutler,CHI,QB,119,2013
Danny Woodhead,SDC,RB,120,2013
Brandon Myers,NYG,TE,121,2013
Joe Flacco,BAL,QB,122,2013
Martellus Bennett,CHI,TE,123,2013
Brandon Pettigrew,DET,TE,124,2013
Denarius Moore,OAK,WR,125,2013
Fred Jackson,BUF,RB,126,2013
Jonathan Stewart,CAR,RB,127,2013
Matt Schaub,HOU,QB,128,2013
Blair Walsh,MIN,PK,129,2013
Cordarrelle Patterson,MIN,WR,130,2013
Sam Bradford,STL,QB,131,2013
Zach Sudfeld,NYJ,TE,132,2013
Kendall Wright,TEN,WR,133,2013
Carson Palmer,ARI,QB,134,2013
Pierre Thomas,NOS,RB,135,2013
Matt Bryant,ATL,PK,136,2013
Fred Davis,WAS,TE,137,2013
Ryan Broyles,DET,WR,138,2013
Jacquizz Rodgers,ATL,RB,139,2013
Brian Hartline,MIA,WR,140,2013
Rueben Randle,NYG,WR,141,2013
Jermaine Gresham,CIN,TE,142,2013
Matt Prater,DEN,PK,143,2013
Josh Freeman,MIN,QB,144,2013
Mikel Leshoure,DET,RB,145,2013
Tyler Eifert,CIN,TE,146,2013
Phil Dawson,SFO,PK,147,2013
Isaiah Pead,STL,RB,148,2013
Isaac Redman,FA,RB,149,2013
Philip Rivers,SDC,QB,150,2013
Johnathan Franklin,GBP,RB,151,2013
Aaron Dobson,NEP,WR,152,2013
Joique Bell,DET,RB,153,2013
Darrius Heyward-Bey,IND,WR,154,2013
Alex Smith,KCC,QB,155,2013
Knowshon Moreno,DEN,RB,156,2013
Christine Michael,SEA,RB,157,2013
Ryan Tannehill,MIA,QB,158,2013
Michael Bush,CHI,RB,159,2013
Sebastian Janikowski,OAK,PK,160,2013
Jonathan Dwyer,PIT,RB,161,2013
Coby Fleener,IND,TE,162,2013
Greg Little,CLE,WR,163,2013
Greg Zuerlein,STL,PK,164,2013
Mohamed Sanu,CIN,WR,165,2013
Malcom Floyd,SDC,WR,166,2013
Justin Tucker,BAL,PK,167,2013
E.J. Manuel,BUF,QB,168,2013
Shonn Greene,TEN,RB,169,2013
Bilal Powell,NYJ,RB,170,2013
Roy Helu,WAS,RB,171,2013
Heath Miller,PIT,TE,172,2013
Julius Thomas,DEN,TE,173,2013
Zac Stacy,STL,RB,174,2013
Joseph Randle,DAL,RB,175,2013
Brandon LaFell,CAR,WR,176,2013
LaMichael James,SFO,RB,177,2013
Robert Housler,ARI,TE,178,2013
Brandon Weeden,CLE,QB,179,2013
David Akers,DET,PK,180,2013
Dwayne Allen,IND,TE,181,2013
Robert Woods,BUF,WR,182,2013
Dan Bailey,DAL,PK,183,2013
Garrett Hartley,FA,PK,184,2013
Markus Wheaton,PIT,WR,185,2013
Randy Bullock,HOU,PK,186,2013
Jacoby Jones,BAL,WR,187,2013
Kendall Hunter,SFO,RB,188,2013
Julian Edelman,NEP,WR,189,2013
Andre Roberts,ARI,WR,190,2013
Daniel Thomas,MIA,RB,191,2013
Jake Locker,TEN,QB,192,2013
Ryan Williams,ARI,RB,193,2013
Knile Davis,KCC,RB,194,2013
Kenny Stills,NOS,WR,195,2013
Rod Streater,OAK,WR,196,2013
Santonio Holmes,NYJ,WR,197,2013
Marcel Reece,OAK,RB,198,2013
Ed Dickson,BAL,TE,199,2013
Steven Hauschka,SEA,PK,200,2013
Brent Celek,PHI,TE,201,2013
Zach Miller,SEA,TE,202,2013
Mason Crosby,GBP,PK,203,2013
Keenan Allen,SDC,WR,204,2013
Robbie Gould,CHI,PK,205,2013
Santana Moss,WAS,WR,206,2013
Robert Turbin,SEA,RB,207,2013
Adam Vinatieri,IND,PK,208,2013
Josh Brown,NYG,PK,209,2013
Stephen Hill,NYJ,WR,210,2013
Denard Robinson,JAC,RB,211,2013
Kai Forbath,WAS,PK,212,2013
Marcedes Lewis,JAC,TE,213,2013
Riley Cooper,PHI,WR,214,2013
Jeremy Kerley,NYJ,WR,215,2013
Alex Henery,PHI,PK,216,2013
Mike Nugent,CIN,PK,217,2013
LeSean McCoy,PHI,RB,1,2014
Jamaal Charles,KCC,RB,2,2014
Calvin Johnson,DET,WR,3,2014
Matt Forte,CHI,RB,4,2014
Eddie Lacy,GBP,RB,5,2014
Peyton Manning,DEN,QB,6,2014
Demaryius Thomas,DEN,WR,7,2014
Jimmy Graham,NOS,TE,8,2014
Dez Bryant,DAL,WR,9,2014
A.J. Green,CIN,WR,10,2014
Aaron Rodgers,GBP,QB,11,2014
Marshawn Lynch,SEA,RB,12,2014
Drew Brees,NOS,QB,13,2014
Julio Jones,ATL,WR,14,2014
Brandon Marshall,CHI,WR,15,2014
Montee Ball,DEN,RB,16,2014
DeMarco Murray,DAL,RB,17,2014
Giovani Bernard,CIN,RB,18,2014
Jordy Nelson,GBP,WR,19,2014
Antonio Brown,PIT,WR,20,2014
Alshon Jeffery,CHI,WR,21,2014
Doug Martin,TBB,RB,22,2014
Arian Foster,HOU,RB,23,2014
Le'Veon Bell,PIT,RB,24,2014
Julius Thomas,DEN,TE,25,2014
Randall Cobb,GBP,WR,26,2014
Rob Gronkowski,NEP,TE,27,2014
Alfred Morris,WAS,RB,28,2014
Andre Ellington,ARI,RB,29,2014
Andrew Luck,IND,QB,30,2014
Zac Stacy,STL,RB,31,2014
Keenan Allen,SDC,WR,32,2014
Matthew Stafford,DET,QB,33,2014
Reggie Bush,DET,RB,34,2014
Pierre Garcon,WAS,WR,35,2014
Vincent Jackson,TBB,WR,36,2014
Andre Johnson,HOU,WR,37,2014
Victor Cruz,NYG,WR,38,2014
Larry Fitzgerald,ARI,WR,39,2014
C.J. Spiller,BUF,RB,40,2014
Cordarrelle Patterson,MIN,WR,41,2014
Roddy White,ATL,WR,42,2014
Shane Vereen,NEP,RB,43,2014
Michael Crabtree,SFO,WR,44,2014
Percy Harvin,NYJ,WR,45,2014
Nick Foles,PHI,QB,46,2014
Ryan Mathews,SDC,RB,47,2014
DeSean Jackson,WAS,WR,48,2014
Tom Brady,NEP,QB,49,2014
Michael Floyd,ARI,WR,50,2014
Toby Gerhart,JAC,RB,51,2014
Jordan Cameron,CLE,TE,52,2014
Vernon Davis,SFO,TE,53,2014
T.Y. Hilton,IND,WR,54,2014
Rashad Jennings,NYG,RB,55,2014
Frank Gore,SFO,RB,56,2014
Julian Edelman,NEP,WR,57,2014
Wes Welker,DEN,WR,58,2014
Matt Ryan,ATL,QB,59,2014
Ben Tate,PIT,RB,60,2014
Bishop Sankey,TEN,RB,61,2014
Torrey Smith,BAL,WR,62,2014
Chris Johnson,NYJ,RB,63,2014
Cam Newton,CAR,QB,64,2014
Jason Witten,DAL,TE,65,2014
Emmanuel Sanders,DEN,WR,66,2014
Jeremy Maclin,PHI,WR,67,2014
Trent Richardson,IND,RB,68,2014
Joique Bell,DET,RB,69,2014
Marques Colston,NOS,WR,70,2014
Sammy Watkins,BUF,WR,71,2014
Mike Wallace,MIA,WR,72,2014
Colin Kaepernick,SFO,QB,73,2014
Kendall Wright,TEN,WR,74,2014
Jordan Reed,WAS,TE,75,2014
Eric Decker,NYJ,WR,76,2014
Jay Cutler,CHI,QB,77,2014
Russell Wilson,SEA,QB,78,2014
Robert Griffin III,WAS,QB,79,2014
Kyle Rudolph,MIN,TE,80,2014
Brandin Cooks,NOS,WR,81,2014
Greg Olsen,CAR,TE,82,2014
Tony Romo,DAL,QB,83,2014
Pierre Thomas,NOS,RB,84,2014
Reggie Wayne,IND,WR,85,2014
Golden Tate,DET,WR,86,2014
Maurice Jones-Drew,OAK,RB,87,2014
Dennis Pitta,BAL,TE,88,2014
Terrance Williams,DAL,WR,89,2014
Philip Rivers,SDC,QB,90,2014
Knowshon Moreno,MIA,RB,91,2014
Stevan Ridley,NEP,RB,92,2014
Zach Ertz,PHI,TE,93,2014
Lamar Miller,MIA,RB,94,2014
Mike Evans,TBB,WR,95,2014
Steven Jackson,ATL,RB,96,2014
Darren Sproles,PHI,RB,97,2014
Kelvin Benjamin,CAR,WR,98,2014
Carlos Hyde,SFO,RB,99,2014
Andy Dalton,CIN,QB,100,2014
Danny Woodhead,SDC,RB,101,2014
Fred Jackson,BUF,RB,102,2014
DeAndre Hopkins,HOU,WR,103,2014
Dwayne Bowe,KCC,WR,104,2014
Riley Cooper,PHI,WR,105,2014
Martellus Bennett,CHI,TE,106,2014
Rueben Randle,NYG,WR,107,2014
Stephen Gostkowski,NEP,PK,108,2014
Justin Hunter,TEN,WR,109,2014
Ben Roethlisberger,PIT,QB,110,2014
Bernard Pierce,BAL,RB,111,2014
Devonta Freeman,ATL,RB,112,2014
Anquan Boldin,SFO,WR,113,2014
Tavon Austin,STL,WR,114,2014
Ladarius Green,SDC,TE,115,2014
Cecil Shorts,JAC,WR,116,2014
Jeremy Hill,CIN,RB,117,2014
Hakeem Nicks,IND,WR,118,2014
Mark Ingram,NOS,RB,119,2014
Terrance West,CLE,RB,120,2014
Charles Clay,MIA,TE,121,2014
Jordan Matthews,PHI,WR,122,2014
Eric Ebron,DET,TE,123,2014
Danny Amendola,NEP,WR,124,2014
DeAngelo Williams,CAR,RB,125,2014
Darren McFadden,OAK,RB,126,2014
Matt Prater,DET,PK,127,2014
Markus Wheaton,PIT,WR,128,2014
Antonio Gates,SDC,TE,129,2014
Christine Michael,SEA,RB,130,2014
Carson Palmer,ARI,QB,131,2014
Andre Williams,NYG,RB,132,2014
Steven Hauschka,SEA,PK,133,2014
Kenny Stills,NOS,WR,134,2014
Justin Tucker,BAL,PK,135,2014
Ryan Tannehill,MIA,QB,136,2014
Alex Smith,KCC,QB,137,2014
Heath Miller,PIT,TE,138,2014
Greg Jennings,MIN,WR,139,2014
Steve Smith,BAL,WR,140,2014
Khiry Robinson,NOS,RB,141,2014
Jarrett Boykin,GBP,WR,142,2014
Joe Flacco,BAL,QB,143,2014
Eli Manning,NYG,QB,144,2014
Tyler Eifert,CIN,TE,145,2014
Mason Crosby,GBP,PK,146,2014
Johnny Manziel,CLE,QB,147,2014
Brian Hartline,MIA,WR,148,2014
Marqise Lee,JAC,WR,149,2014
Marvin Jones,CIN,WR,150,2014
James Jones,OAK,WR,151,2014
Aaron Dobson,NEP,WR,152,2014
Travis Kelce,KCC,TE,153,2014
Dwayne Allen,IND,TE,154,2014
Phil Dawson,SFO,PK,155,2014
Knile Davis,KCC,RB,156,2014
Delanie Walker,TEN,TE,157,2014
Tre Mason,STL,RB,158,2014
Kenny Britt,STL,WR,159,2014
Dan Bailey,DAL,PK,160,2014
Chris Ivory,NYJ,RB,161,2014
LeGarrette Blount,NEP,RB,162,2014
Adam Vinatieri,IND,PK,163,2014
Jonathan Stewart,CAR,RB,164,2014
Josh McCown,TBB,QB,165,2014
Odell Beckham,NYG,WR,166,2014
Doug Baldwin,SEA,WR,167,2014
Ahmad Bradshaw,IND,RB,168,2014
Sam Bradford,STL,QB,169,2014
Cody Latimer,DEN,WR,170,2014
Coby Fleener,IND,TE,171,2014
Teddy Bridgewater,MIN,QB,172,2014
Lance Dunbar,DAL,RB,173,2014
Blair Walsh,MIN,PK,174,2014
Miles Austin,CLE,WR,175,2014
Shonn Greene,TEN,RB,176,2014
Blake Bortles,JAC,QB,177,2014
James White,NEP,RB,178,2014
Andrew Hawkins,CLE,WR,179,2014
Robbie Gould,CHI,PK,180,2014
Austin Seferian-Jenkins,TBB,TE,181,2014
Tim Wright,NEP,TE,182,2014
Jake Locker,TEN,QB,183,2014
Matt Bryant,ATL,PK,184,2014
Robert Woods,BUF,WR,185,2014
Shayne Graham,NOS,PK,186,2014
Nick Novak,SDC,PK,187,2014
E.J. Manuel,BUF,QB,188,2014
Jared Cook,STL,TE,189,2014
Jonathan Grimes,HOU,RB,190,2014
Sebastian Janikowski,OAK,PK,191,2014
Garrett Graham,HOU,TE,192,2014
Davante Adams,GBP,WR,193,2014
Geno Smith,NYJ,QB,194,2014
Ka'Deem Carey,CHI,RB,195,2014
Jace Amaro,NYJ,TE,196,2014
James Starks,GBP,RB,197,2014
Ronnie Hillman,DEN,RB,198,2014
Dexter McCluster,TEN,RB,199,2014
Richard Rodgers,GBP,TE,200,2014
Harry Douglas,ATL,WR,201,2014
Roy Helu,WAS,RB,202,2014
Bryce Brown,BUF,RB,203,2014
Greg Zuerlein,STL,PK,204,2014
Rod Streater,OAK,WR,205,2014
Malcom Floyd,SDC,WR,206,2014
John Brown,ARI,WR,207,2014
Alex Henery,FA*,PK,208,2014
Nick Folk,NYJ,PK,209,2014
Donald Brown,SDC,RB,210,2014
Stevie Johnson,SFO,WR,211,2014
C.J. Anderson,DEN,RB,212,2014
Brandon LaFell,NEP,WR,213,2014
Jacquizz Rodgers,ATL,RB,214,2014
Nate Freese,FA,PK,215,2014
Kenbrell Thompkins,OAK,WR,216,2014
Jerricho Cotchery,CAR,WR,217,2014
Mohamed Sanu,CIN,WR,218,2014
Dan Carpenter,BUF,PK,219,2014
Shaun Suisham,PIT,PK,220,2014
Le'Veon Bell,PIT,RB,1,2015
Adrian Peterson,MIN,RB,2,2015
Eddie Lacy,GBP,RB,3,2015
Antonio Brown,PIT,WR,4,2015
Jamaal Charles,KCC,RB,5,2015
Andrew Luck,IND,QB,6,2015
Dez Bryant,DAL,WR,7,2015
Julio Jones,ATL,WR,8,2015
Marshawn Lynch,SEA,RB,9,2015
Odell Beckham,NYG,WR,10,2015
Demaryius Thomas,DEN,WR,11,2015
Rob Gronkowski,NEP,TE,12,2015
Aaron Rodgers,GBP,QB,13,2015
C.J. Anderson,DEN,RB,14,2015
Calvin Johnson,DET,WR,15,2015
Matt Forte,CHI,RB,16,2015
DeMarco Murray,PHI,RB,17,2015
A.J. Green,CIN,WR,18,2015
Jeremy Hill,CIN,RB,19,2015
Randall Cobb,GBP,WR,20,2015
LeSean McCoy,BUF,RB,21,2015
T.Y. Hilton,IND,WR,22,2015
Alshon Jeffery,CHI,WR,23,2015
Justin Forsett,BAL,RB,24,2015
Mike Evans,TBB,WR,25,2015
Jimmy Graham,SEA,TE,26,2015
Brandin Cooks,NOS,WR,27,2015
Lamar Miller,MIA,RB,28,2015
DeAndre Hopkins,HOU,WR,29,2015
Emmanuel Sanders,DEN,WR,30,2015
Jordan Matthews,PHI,WR,31,2015
Mark Ingram,NOS,RB,32,2015
Frank Gore,IND,RB,33,2015
Peyton Manning,DEN,QB,34,2015
Russell Wilson,SEA,QB,35,2015
Melvin Gordon,SDC,RB,36,2015
Carlos Hyde,SFO,RB,37,2015
Amari Cooper,OAK,WR,38,2015
Alfred Morris,WAS,RB,39,2015
Latavius Murray,OAK,RB,40,2015
Drew Brees,NOS,QB,41,2015
Golden Tate,DET,WR,42,2015
Keenan Allen,SDC,WR,43,2015
Julian Edelman,NEP,WR,44,2015
Ben Roethlisberger,PIT,QB,45,2015
Andre Johnson,IND,WR,46,2015
Greg Olsen,CAR,TE,47,2015
Todd Gurley,STL,RB,48,2015
Travis Kelce,KCC,TE,49,2015
Joseph Randle,FA*,RB,50,2015
Sammy Watkins,BUF,WR,51,2015
Andre Ellington,ARI,RB,52,2015
Jeremy Maclin,KCC,WR,53,2015
Ameer Abdullah,DET,RB,54,2015
Jarvis Landry,MIA,WR,55,2015
Arian Foster,HOU,RB,56,2015
Matt Ryan,ATL,QB,57,2015
Brandon Marshall,NYJ,WR,58,2015
Davante Adams,GBP,WR,59,2015
Jonathan Stewart,CAR,RB,60,2015
T.J. Yeldon,JAC,RB,61,2015
Doug Martin,TBB,RB,62,2015
Tom Brady,NEP,QB,63,2015
DeSean Jackson,WAS,WR,64,2015
Tony Romo,DAL,QB,65,2015
C.J. Spiller,NOS,RB,66,2015
Martellus Bennett,CHI,TE,67,2015
Martavis Bryant,PIT,WR,68,2015
Allen Robinson,JAC,WR,69,2015
Nelson Agholor,PHI,WR,70,2015
Matthew Stafford,DET,QB,71,2015
Giovani Bernard,CIN,RB,72,2015
Vincent Jackson,TBB,WR,73,2015
Chris Ivory,NYJ,RB,74,2015
LeGarrette Blount,NEP,RB,75,2015
Cam Newton,CAR,QB,76,2015
Mike Wallace,MIN,WR,77,2015
Ryan Tannehill,MIA,QB,78,2015
Jason Witten,DAL,TE,79,2015
Charles Johnson,MIN,WR,80,2015
Joique Bell,DET,RB,81,2015
Larry Fitzgerald,ARI,WR,82,2015
Julius Thomas,JAC,TE,83,2015
Jordan Cameron,MIA,TE,84,2015
Tevin Coleman,ATL,RB,85,2015
Victor Cruz,NYG,WR,86,2015
Roddy White,ATL,WR,87,2015
Rashad Jennings,NYG,RB,88,2015
Eli Manning,NYG,QB,89,2015
John Brown,ARI,WR,90,2015
Isaiah Crowell,CLE,RB,91,2015
Steve Smith,BAL,WR,92,2015
Zach Ertz,PHI,TE,93,2015
Philip Rivers,SDC,QB,94,2015
Sam Bradford,PHI,QB,95,2015
Shane Vereen,NYG,RB,96,2015
Torrey Smith,SFO,WR,97,2015
Eric Decker,NYJ,WR,98,2015
Ryan Mathews,PHI,RB,99,2015
Michael Floyd,ARI,WR,100,2015
Alfred Blue,HOU,RB,101,2015
Delanie Walker,TEN,TE,102,2015
Devonta Freeman,ATL,RB,103,2015
Darren McFadden,DAL,RB,104,2015
Tyler Eifert,CIN,TE,105,2015
Tre Mason,STL,RB,106,2015
Anquan Boldin,SFO,WR,107,2015
Stephen Gostkowski,NEP,PK,108,2015
Teddy Bridgewater,MIN,QB,109,2015
Kendall Wright,TEN,WR,110,2015
Brandon LaFell,NEP,WR,111,2015
Duke Johnson,CLE,RB,112,2015
Bishop Sankey,TEN,RB,113,2015
Devin Funchess,CAR,WR,114,2015
DeVante Parker,MIA,WR,115,2015
Owen Daniels,DEN,TE,116,2015
Marques Colston,NOS,WR,117,2015
Dwayne Allen,IND,TE,118,2015
Danny Woodhead,SDC,RB,119,2015
Pierre Garcon,WAS,WR,120,2015
Kyle Rudolph,MIN,TE,121,2015
Breshad Perriman,BAL,WR,122,2015
Antonio Gates,SDC,TE,123,2015
Terrance Williams,DAL,WR,124,2015
Joe Flacco,BAL,QB,125,2015
Knile Davis,KCC,RB,126,2015
Eddie Royal,CHI,WR,127,2015
Adam Vinatieri,IND,PK,128,2015
Colin Kaepernick,SFO,QB,129,2015
David Cobb,TEN,RB,130,2015
Markus Wheaton,PIT,WR,131,2015
Darren Sproles,PHI,RB,132,2015
Brian Quick,STL,WR,133,2015
David Johnson,ARI,RB,134,2015
Carson Palmer,ARI,QB,135,2015
Austin Seferian-Jenkins,TBB,TE,136,2015
Josh Hill,NOS,TE,137,2015
Dorial Green-Beckham,TEN,WR,138,2015
Jameis Winston,TBB,QB,139,2015
Steven Hauschka,SEA,PK,140,2015
Marcus Mariota,TEN,QB,141,2015
Stevie Johnson,SDC,WR,142,2015
Charles Sims,TBB,RB,143,2015
Kenny Stills,MIA,WR,144,2015
Reggie Bush,SFO,RB,145,2015
Mason Crosby,GBP,PK,146,2015
Justin Tucker,BAL,PK,147,2015
Derek Carr,OAK,QB,148,2015
Coby Fleener,IND,TE,149,2015
Michael Crabtree,OAK,WR,150,2015
Andy Dalton,CIN,QB,151,2015
Donte Moncrief,IND,WR,152,2015
Jay Ajayi,MIA,RB,153,2015
Jay Cutler,CHI,QB,154,2015
Cody Latimer,DEN,WR,155,2015
Matt Jones,WAS,RB,156,2015
Eric Ebron,DET,TE,157,2015
Vernon Davis,DEN,TE,158,2015
Cody Parkey,PHI,PK,159,2015
Phillip Dorsett,IND,WR,160,2015
Ronnie Hillman,DEN,RB,161,2015
DeAngelo Williams,PIT,RB,162,2015
Percy Harvin,BUF,WR,163,2015
Dan Bailey,DAL,PK,164,2015
Rueben Randle,NYG,WR,165,2015
Doug Baldwin,SEA,WR,166,2015
Blake Bortles,JAC,QB,167,2015
Andre Williams,NYG,RB,168,2015
Montee Ball,FA*,RB,169,2015
Heath Miller,PIT,TE,170,2015
Jerick McKinnon,MIN,RB,171,2015
Marvin Jones,CIN,WR,172,2015
Maxx Williams,BAL,TE,173,2015
Jordan Reed,WAS,TE,174,2015
Brandon McManus,DEN,PK,175,2015
Tyler Lockett,SEA,WR,176,2015
Larry Donnell,NYG,TE,177,2015
Charles Clay,BUF,TE,178,2015
Roy Helu,OAK,RB,179,2015
Nick Foles,STL,QB,180,2015
Jaelen Strong,HOU,WR,181,2015
Richard Rodgers,GBP,TE,182,2015
Ladarius Green,SDC,TE,183,2015
Alex Smith,KCC,QB,184,2015
Matt Bryant,ATL,PK,185,2015
Christine Michael,SEA,RB,186,2015
Fred Jackson,SEA,RB,187,2015
Cameron Artis-Payne,CAR,RB,188,2015
Reggie Wayne,FA*,WR,189,2015
Brandon Coleman,NOS,WR,190,2015
Matt Prater,DET,PK,191,2015
Jonas Gray,JAC,RB,192,2015
Ty Montgomery,GBP,WR,193,2015
Javorius Allen,BAL,RB,194,2015
Cordarrelle Patterson,MIN,WR,195,2015
Sebastian Janikowski,OAK,PK,196,2015
Connor Barth,TBB,PK,197,2015
Denard Robinson,JAC,RB,198,2015
Josh Scobee,FA,PK,199,2015
Allen Hurns,JAC,WR,200,2015
James Starks,GBP,RB,201,2015
Dan Carpenter,BUF,PK,202,2015
Blair Walsh,MIN,PK,203,2015
Robert Griffin III,WAS,QB,204,2015
Jeff Janis,GBP,WR,205,2015
Tyrod Taylor,BUF,QB,206,2015
Terrance West,BAL,RB,207,2015
Jeremy Langford,CHI,RB,208,2015
Kenny Britt,STL,WR,209,2015
Dwayne Bowe,CLE,WR,210,2015
Dan Herron,IND,RB,211,2015
Chris Johnson,ARI,RB,212,2015
Phil Dawson,SFO,PK,213,2015
Malcom Floyd,SDC,WR,214,2015
Tavon Austin,STL,WR,215,2015
Chandler Catanzaro,ARI,PK,216,2015
Khiry Robinson,NOS,RB,217,2015
Greg Zuerlein,STL,PK,218,2015
Nick Novak,HOU,PK,219,2015
James White,NEP,RB,220,2015
Danny Amendola,NEP,WR,221,2015
Cole Beasley,DAL,WR,222,2015
Mohamed Sanu,CIN,WR,223,2015
Cecil Shorts,HOU,WR,224,2015
Antonio Brown,PIT,WR,1,2016
Odell Beckham,NYG,WR,2,2016
Todd Gurley,RAM,RB,3,2016
Julio Jones,ATL,WR,4,2016
David Johnson,ARI,RB,5,2016
Ezekiel Elliott,DAL,RB,6,2016
A.J. Green,CIN,WR,7,2016
Adrian Peterson,MIN,RB,8,2016
DeAndre Hopkins,HOU,WR,9,2016
Le'Veon Bell,PIT,RB,10,2016
Rob Gronkowski,NEP,TE,11,2016
Allen Robinson,JAC,WR,12,2016
Lamar Miller,HOU,RB,13,2016
Dez Bryant,DAL,WR,14,2016
Cam Newton,CAR,QB,15,2016
Devonta Freeman,ATL,RB,16,2016
Aaron Rodgers,GBP,QB,17,2016
Jordy Nelson,GBP,WR,18,2016
Mike Evans,TBB,WR,19,2016
Keenan Allen,SDC,WR,20,2016
Brandon Marshall,NYJ,WR,21,2016
Amari Cooper,OAK,WR,22,2016
Eddie Lacy,GBP,RB,23,2016
Jamaal Charles,KCC,RB,24,2016
Alshon Jeffery,CHI,WR,25,2016
Mark Ingram,NOS,RB,26,2016
Brandin Cooks,NOS,WR,27,2016
Doug Martin,TBB,RB,28,2016
LeSean McCoy,BUF,RB,29,2016
T.Y. Hilton,IND,WR,30,2016
Sammy Watkins,BUF,WR,31,2016
Russell Wilson,SEA,QB,32,2016
Andrew Luck,IND,QB,33,2016
Demaryius Thomas,DEN,WR,34,2016
C.J. Anderson,DEN,RB,35,2016
Jordan Reed,WAS,TE,36,2016
Jarvis Landry,MIA,WR,37,2016
Thomas Rawls,SEA,RB,38,2016
Randall Cobb,GBP,WR,39,2016
Julian Edelman,NEP,WR,40,2016
Kelvin Benjamin,CAR,WR,41,2016
Latavius Murray,OAK,RB,42,2016
Carlos Hyde,SFO,RB,43,2016
Greg Olsen,CAR,TE,44,2016
Matt Forte,NYJ,RB,45,2016
Doug Baldwin,SEA,WR,46,2016
Ben Roethlisberger,PIT,QB,47,2016
Drew Brees,NOS,QB,48,2016
DeMarco Murray,TEN,RB,49,2016
Jeremy Maclin,KCC,WR,50,2016
Golden Tate,DET,WR,51,2016
Donte Moncrief,IND,WR,52,2016
Travis Kelce,KCC,TE,53,2016
Tom Brady,NEP,QB,54,2016
Jeremy Hill,CIN,RB,55,2016
Eric Decker,NYJ,WR,56,2016
Michael Floyd,NEP,WR,57,2016
Jeremy Langford,CHI,RB,58,2016
Larry Fitzgerald,ARI,WR,59,2016
Jonathan Stewart,CAR,RB,60,2016
Melvin Gordon,SDC,RB,61,2016
Delanie Walker,TEN,TE,62,2016
Jordan Matthews,PHI,WR,63,2016
Ryan Mathews,PHI,RB,64,2016
Blake Bortles,JAC,QB,65,2016
Carson Palmer,ARI,QB,66,2016
Emmanuel Sanders,DEN,WR,67,2016
Allen Hurns,JAC,WR,68,2016
Coby Fleener,NOS,TE,69,2016
Duke Johnson,CLE,RB,70,2016
Giovani Bernard,CIN,RB,71,2016
Matt Jones,WAS,RB,72,2016
Tyler Lockett,SEA,WR,73,2016
Josh Gordon,CLE,WR,74,2016
Arian Foster,FA,RB,75,2016
Eli Manning,NYG,QB,76,2016
Danny Woodhead,SDC,RB,77,2016
John Brown,ARI,WR,78,2016
Marvin Jones,DET,WR,79,2016
Tyler Eifert,CIN,TE,80,2016
DeVante Parker,MIA,WR,81,2016
DeSean Jackson,WAS,WR,82,2016
Ameer Abdullah,DET,RB,83,2016
Michael Crabtree,OAK,WR,84,2016
Sterling Shepard,NYG,WR,85,2016
Frank Gore,IND,RB,86,2016
DeAngelo Williams,PIT,RB,87,2016
Dion Lewis,NEP,RB,88,2016
Derrick Henry,TEN,RB,89,2016
Gary Barnidge,CLE,TE,90,2016
Philip Rivers,SDC,QB,91,2016
Kevin White,CHI,WR,92,2016
Julius Thomas,JAC,TE,93,2016
Zach Ertz,PHI,TE,94,2016
T.J. Yeldon,JAC,RB,95,2016
Rashad Jennings,NYG,RB,96,2016
Stephen Gostkowski,NEP,PK,97,2016
Jameis Winston,TBB,QB,98,2016
Jay Ajayi,MIA,RB,99,2016
Stefon Diggs,MIN,WR,100,2016
Jimmy Graham,SEA,TE,101,2016
Chris Ivory,JAC,RB,102,2016
Kirk Cousins,WAS,QB,103,2016
Matthew Stafford,DET,QB,104,2016
Corey Coleman,CLE,WR,105,2016
Martellus Bennett,NEP,TE,106,2016
LeGarrette Blount,NEP,RB,107,2016
Willie Snead,NOS,WR,108,2016
Antonio Gates,SDC,TE,109,2016
Tavon Austin,RAM,WR,110,2016
Charles Sims,TBB,RB,111,2016
Justin Forsett,DEN,RB,112,2016
Ladarius Green,PIT,TE,113,2016
Matt Ryan,ATL,QB,114,2016
Tyrod Taylor,BUF,QB,115,2016
Tevin Coleman,ATL,RB,116,2016
Devin Funchess,CAR,WR,117,2016
Marcus Mariota,TEN,QB,118,2016
Spencer Ware,KCC,RB,119,2016
Jason Witten,DAL,TE,120,2016
Andy Dalton,CIN,QB,121,2016
Travis Benjamin,SDC,WR,122,2016
Markus Wheaton,PIT,WR,123,2016
Michael Thomas,NOS,WR,124,2016
Dwayne Allen,IND,TE,125,2016
Isaiah Crowell,CLE,RB,126,2016
Laquon Treadwell,MIN,WR,127,2016
Torrey Smith,SFO,WR,128,2016
Theo Riddick,DET,RB,129,2016
Steven Hauschka,SEA,PK,130,2016
Eric Ebron,DET,TE,131,2016
Vincent Jackson,TBB,WR,132,2016
Dak Prescott,DAL,QB,133,2016
Jared Cook,GBP,TE,134,2016
James White,NEP,RB,135,2016
Christine Michael,GBP,RB,136,2016
Kamar Aiken,BAL,WR,137,2016
Eli Rogers,PIT,WR,138,2016
Alex Smith,KCC,QB,139,2016
Davante Adams,GBP,WR,140,2016
Malcolm Mitchell,NEP,WR,141,2016
Mohamed Sanu,ATL,WR,142,2016
Will Fuller,HOU,WR,143,2016
Devontae Booker,DEN,RB,144,2016
Dorial Green-Beckham,PHI,WR,145,2016
Chris Hogan,NEP,WR,146,2016
Brock Osweiler,HOU,QB,147,2016
Paul Perkins,NYG,RB,148,2016
DeAndre Washington,OAK,RB,149,2016
Cole Beasley,DAL,WR,150,2016
Bilal Powell,NYJ,RB,151,2016
Graham Gano,CAR,PK,152,2016
Dan Bailey,DAL,PK,153,2016
Sammie Coates,PIT,WR,154,2016
Mason Crosby,GBP,PK,155,2016
Ryan Tannehill,MIA,QB,156,2016
Justin Tucker,BAL,PK,157,2016
Josh Doctson,WAS,WR,158,2016
Tyler Boyd,CIN,WR,159,2016
Steve Smith,FA,WR,160,2016
C.J. Prosise,SEA,RB,161,2016
Kenneth Dixon,BAL,RB,162,2016
Tajae Sharpe,TEN,WR,163,2016
Matt Bryant,ATL,PK,164,2016
Tony Romo,DAL,QB,165,2016
Zach Miller,CHI,TE,166,2016
Phillip Dorsett,IND,WR,167,2016
Darren Sproles,PHI,RB,168,2016
Ryan Fitzpatrick,NYJ,QB,169,2016
Jerick McKinnon,MIN,RB,170,2016
Rishard Matthews,TEN,WR,171,2016
Chris Boswell,PIT,PK,172,2016
Robbie Gould,NYG,PK,173,2016
Chandler Catanzaro,ARI,PK,174,2016
Alfred Morris,DAL,RB,175,2016
Joe Flacco,BAL,QB,176,2016
James Starks,GBP,RB,177,2016
Jordan Howard,CHI,RB,178,2016
Charcandrick West,KCC,RB,179,2016
Austin Seferian-Jenkins,NYJ,TE,180,2016
Cairo Santos,KCC,PK,181,2016
Breshad Perriman,BAL,WR,182,2016
Sebastian Janikowski,OAK,PK,183,2016
Terrance West,BAL,RB,184,2016
Charles Clay,BUF,TE,185,2016
Jared Goff,RAM,QB,186,2016
Terrance Williams,DAL,WR,187,2016
Adam Vinatieri,IND,PK,188,2016
Matt Prater,DET,PK,189,2016
Jesse James,PIT,TE,190,2016
Jay Cutler,CHI,QB,191,2016
Brandon McManus,DEN,PK,192,2016
Mike Wallace,BAL,WR,193,2016
Clive Walford,OAK,TE,194,2016
Karlos Williams,PIT,RB,195,2016
Blair Walsh,FA,PK,196,2016
Will Tye,NYG,TE,197,2016
Richard Rodgers,GBP,TE,198,2016
Robert Griffin III,CLE,QB,199,2016
Kyle Rudolph,MIN,TE,200,2016
Ted Ginn Jr.,CAR,WR,201,2016
Pierre Garcon,WAS,WR,202,2016
Victor Cruz,NYG,WR,203,2016
Shane Vereen,NYG,RB,204,2016
Javorius Allen,BAL,RB,205,2016
Nelson Agholor,PHI,WR,206,2016
Kenny Stills,MIA,WR,207,2016
Roberto Aguayo,TBB,PK,208,2016
Jermaine Kearse,SEA,WR,209,2016
Anquan Boldin,DET,WR,210,2016
Chris Johnson,ARI,RB,211,2016
Terrelle Pryor,CLE,WR,212,2016
Darren McFadden,DAL,RB,213,2016
Jordan Cameron,MIA,TE,214,2016
Sam Bradford,MIN,QB,215,2016
Wendell Smallwood,PHI,RB,216,2016
Danny Amendola,NEP,WR,217,2016
Vance McDonald,SFO,TE,218,2016
Virgil Green,DEN,TE,219,2016
Josh Brown,FA,PK,220,2016
Braxton Miller,HOU,WR,221,2016
Chris Thompson,WAS,RB,222,2016
C.J. Spiller,FA,RB,223,2016
Tim Hightower,NOS,RB,224,2016
Shaun Draughn,SFO,RB,225,2016
Cameron Artis-Payne,CAR,RB,226,2016
David Johnson,ARI,RB,1,2017
Le'Veon Bell,PIT,RB,2,2017
Antonio Brown,PIT,WR,3,2017
Odell Beckham,NYG,WR,4,2017
Julio Jones,ATL,WR,5,2017
Mike Evans,TBB,WR,6,2017
Melvin Gordon,LAC,RB,7,2017
Devonta Freeman,ATL,RB,8,2017
A.J. Green,CIN,WR,9,2017
LeSean McCoy,BUF,RB,10,2017
Aaron Rodgers,GBP,QB,11,2017
Ezekiel Elliott,DAL,RB,12,2017
Jordy Nelson,GBP,WR,13,2017
Michael Thomas,NOS,WR,14,2017
Jordan Howard,CHI,RB,15,2017
Todd Gurley,LAR,RB,16,2017
Rob Gronkowski,NEP,TE,17,2017
Amari Cooper,OAK,WR,18,2017
Jay Ajayi,PHI,RB,19,2017
Tom Brady,NEP,QB,20,2017
Dez Bryant,DAL,WR,21,2017
DeMarco Murray,TEN,RB,22,2017
Brandin Cooks,NEP,WR,23,2017
Leonard Fournette,JAC,RB,24,2017
T.Y. Hilton,IND,WR,25,2017
Doug Baldwin,SEA,WR,26,2017
Christian McCaffrey,CAR,RB,27,2017
Drew Brees,NOS,QB,28,2017
DeAndre Hopkins,HOU,WR,29,2017
Lamar Miller,HOU,RB,30,2017
Travis Kelce,KCC,TE,31,2017
Dalvin Cook,MIN,RB,32,2017
Demaryius Thomas,DEN,WR,33,2017
Keenan Allen,LAC,WR,34,2017
Matt Ryan,ATL,QB,35,2017
Marshawn Lynch,OAK,RB,36,2017
Isaiah Crowell,CLE,RB,37,2017
Terrelle Pryor,WAS,WR,38,2017
Alshon Jeffery,PHI,WR,39,2017
Joe Mixon,CIN,RB,40,2017
Davante Adams,GBP,WR,41,2017
Tyreek Hill,KCC,WR,42,2017
Ty Montgomery,GBP,RB,43,2017
Carlos Hyde,SFO,RB,44,2017
Allen Robinson,JAC,WR,45,2017
Jordan Reed,WAS,TE,46,2017
Greg Olsen,CAR,TE,47,2017
Kareem Hunt,KCC,RB,48,2017
Russell Wilson,SEA,QB,49,2017
Michael Crabtree,OAK,WR,50,2017
Mark Ingram,NOS,RB,51,2017
Golden Tate,DET,WR,52,2017
Jarvis Landry,MIA,WR,53,2017
Derek Carr,OAK,QB,54,2017
Kelvin Benjamin,BUF,WR,55,2017
Martavis Bryant,PIT,WR,56,2017
Sammy Watkins,LAR,WR,57,2017
C.J. Anderson,DEN,RB,58,2017
Jimmy Graham,SEA,TE,59,2017
Stefon Diggs,MIN,WR,60,2017
Larry Fitzgerald,ARI,WR,61,2017
Ameer Abdullah,DET,RB,62,2017
Cam Newton,CAR,QB,63,2017
Jameis Winston,TBB,QB,64,2017
Marcus Mariota,TEN,QB,65,2017
Tyler Eifert,CIN,TE,66,2017
Jamison Crowder,WAS,WR,67,2017
Bilal Powell,NYJ,RB,68,2017
Tevin Coleman,ATL,RB,69,2017
Andrew Luck,IND,QB,70,2017
Kirk Cousins,WAS,QB,71,2017
Doug Martin,TBB,RB,72,2017
DeVante Parker,MIA,WR,73,2017
Ben Roethlisberger,PIT,QB,74,2017
Emmanuel Sanders,DEN,WR,75,2017
Adrian Peterson,ARI,RB,76,2017
Mike Gillislee,NEP,RB,77,2017
Derrick Henry,TEN,RB,78,2017
Kyle Rudolph,MIN,TE,79,2017
Dak Prescott,DAL,QB,80,2017
Brandon Marshall,NYG,WR,81,2017
Delanie Walker,TEN,TE,82,2017
Zach Ertz,PHI,TE,83,2017
Willie Snead,NOS,WR,84,2017
Martellus Bennett,NEP,TE,85,2017
Danny Woodhead,BAL,RB,86,2017
LeGarrette Blount,PHI,RB,87,2017
Paul Perkins,NYG,RB,88,2017
Randall Cobb,GBP,WR,89,2017
Eddie Lacy,SEA,RB,90,2017
DeSean Jackson,TBB,WR,91,2017
Pierre Garcon,SFO,WR,92,2017
Hunter Henry,LAC,TE,93,2017
Matthew Stafford,DET,QB,94,2017
Donte Moncrief,IND,WR,95,2017
Frank Gore,IND,RB,96,2017
Philip Rivers,LAC,QB,97,2017
Rob Kelley,WAS,RB,98,2017
Corey Davis,TEN,WR,99,2017
Jeremy Maclin,BAL,WR,100,2017
Adam Thielen,MIN,WR,101,2017
Chris Hogan,NEP,WR,102,2017
Stephen Gostkowski,NEP,PK,103,2017
Eric Decker,TEN,WR,104,2017
Tyrell Williams,LAC,WR,105,2017
Terrance West,BAL,RB,106,2017
Theo Riddick,DET,RB,107,2017
Corey Coleman,CLE,WR,108,2017
Darren McFadden,FA,RB,109,2017
JuJu Smith-Schuster,PIT,WR,110,2017
Alvin Kamara,NOS,RB,111,2017
Justin Tucker,BAL,PK,112,2017
Jared Goff,LAR,QB,113,2017
Carson Wentz,PHI,QB,114,2017
Duke Johnson,CLE,RB,115,2017
Andy Dalton,CIN,QB,116,2017
Eric Ebron,DET,TE,117,2017
Eli Manning,NYG,QB,118,2017
Thomas Rawls,SEA,RB,119,2017
Kai Forbath,MIN,PK,120,2017
Blake Bortles,JAC,QB,121,2017
Jordan Matthews,BUF,WR,122,2017
O.J. Howard,TBB,TE,123,2017
Jonathan Stewart,CAR,RB,124,2017
James White,NEP,RB,125,2017
Marvin Jones,DET,WR,126,2017
John Brown,ARI,WR,127,2017
Alex Smith,WAS,QB,128,2017
Samaje Perine,WAS,RB,129,2017
Matt Bryant,ATL,PK,130,2017
Rishard Matthews,TEN,WR,131,2017
Jack Doyle,IND,TE,132,2017
Latavius Murray,MIN,RB,133,2017
Ted Ginn Jr.,NOS,WR,134,2017
Jerick McKinnon,MIN,RB,135,2017
Robert Woods,LAR,WR,136,2017
Tyrod Taylor,BUF,QB,137,2017
C.J. Prosise,SEA,RB,138,2017
Matt Forte,NYJ,RB,139,2017
Austin Hooper,ATL,TE,140,2017
Kenny Britt,NEP,WR,141,2017
Carson Palmer,ARI,QB,142,2017
Jason Witten,DAL,TE,143,2017
Cooper Kupp,LAR,WR,144,2017
Danny Amendola,NEP,WR,145,2017
Dion Lewis,NEP,RB,146,2017
Mike Wallace,BAL,WR,147,2017
Rex Burkhead,NEP,RB,148,2017
Dan Bailey,DAL,PK,149,2017
Kevin White,CHI,WR,150,2017
Sterling Shepard,NYG,WR,151,2017
Zay Jones,BUF,WR,152,2017
Jamaal Williams,GBP,RB,153,2017
Evan Engram,NYG,TE,154,2017
Jacquizz Rodgers,TBB,RB,155,2017
Coby Fleener,NOS,TE,156,2017
Jeremy Hill,CIN,RB,157,2017
Josh Doctson,WAS,WR,158,2017
Mohamed Sanu,ATL,WR,159,2017
Deshaun Watson,HOU,QB,160,2017
Jamaal Charles,DEN,RB,161,2017
Mason Crosby,GBP,PK,162,2017
Wil Lutz,NOS,PK,163,2017
Jesse James,PIT,TE,164,2017
Chris Boswell,PIT,PK,165,2017
Devin Funchess,CAR,WR,166,2017
Darren Sproles,PHI,RB,167,2017
Mike Williams,LAC,WR,168,2017
Joe Flacco,BAL,QB,169,2017
Julius Thomas,MIA,TE,170,2017
David Njoku,CLE,TE,171,2017
Marqise Lee,JAC,WR,172,2017
John Ross,CIN,WR,173,2017
Dede Westbrook,JAC,WR,174,2017
Sam Bradford,MIN,QB,175,2017
Nelson Agholor,PHI,WR,176,2017
Giovani Bernard,CIN,RB,177,2017
Adam Vinatieri,IND,PK,178,2017
D'Onta Foreman,HOU,RB,179,2017
Cole Beasley,DAL,WR,180,2017
Jay Cutler,MIA,QB,181,2017
Marlon Mack,IND,RB,182,2017
Tyler Lockett,SEA,WR,183,2017
Cameron Brate,TBB,TE,184,2017
Graham Gano,CAR,PK,185,2017
Matt Prater,DET,PK,186,2017
Taylor Gabriel,ATL,WR,187,2017
Sebastian Janikowski,OAK,PK,188,2017
Charles Clay,BUF,TE,189,2017
Allen Hurns,JAC,WR,190,2017
Joe Williams,SFO,RB,191,2017
Kenny Golladay,DET,WR,192,2017
Steven Hauschka,BUF,PK,193,2017
Robby Anderson,NYJ,WR,194,2017
Jonathan Williams,NOS,RB,195,2017
James Conner,PIT,RB,196,2017
Breshad Perriman,BAL,WR,197,2017
Will Fuller,HOU,WR,198,2017
C.J. Fiedorowicz,HOU,TE,199,2017
Brandon McManus,DEN,PK,200,2017
Blair Walsh,SEA,PK,201,2017
Vance McDonald,PIT,TE,202,2017
Cairo Santos,CHI,PK,203,2017
Jared Cook,OAK,TE,204,2017
Antonio Gates,LAC,TE,205,2017
Brian Hoyer,NEP,QB,206,2017
Mitchell Trubisky,CHI,QB,207,2017
DeShone Kizer,CLE,QB,208,2017
Caleb Sturgis,PHI,PK,209,2017
Kenny Stills,MIA,WR,210,2017
Dustin Hopkins,WAS,PK,211,2017
DeAndre Washington,OAK,RB,212,2017
Wendell Smallwood,PHI,RB,213,2017
Dwayne Allen,NEP,TE,214,2017
Charcandrick West,KCC,RB,215,2017
T.J. Yeldon,JAC,RB,216,2017
Tavon Austin,LAR,WR,217,2017
Curtis Samuel,CAR,WR,218,2017
Chris Carson,SEA,RB,219,2017
Trevor Siemian,DEN,QB,220,2017
Chris Thompson,WAS,RB,221,2017
Torrey Smith,PHI,WR,222,2017
J.J. Nelson,ARI,WR,223,2017
Shane Vereen,NYG,RB,224,2017
Malcolm Mitchell,NEP,WR,225,2017
Charles Sims,TBB,RB,226,2017
Devontae Booker,DEN,RB,227,2017
Kendall Wright,CHI,WR,228,2017
Tarik Cohen,CHI,RB,229,2017
Alfred Morris,DAL,RB,230,2017
Le'Veon Bell,PIT,RB,1,2018
Ezekiel Elliott,DAL,RB,2,2018
David Johnson,ARI,RB,3,2018
Antonio Brown,PIT,WR,4,2018
Alvin Kamara,NOS,RB,5,2018
Saquon Barkley,NYG,RB,6,2018
Todd Gurley,LAR,RB,7,2018
DeAndre Hopkins,HOU,WR,8,2018
Leonard Fournette,JAC,RB,9,2018
Odell Beckham,NYG,WR,10,2018
Kareem Hunt,FA*,RB,11,2018
Melvin Gordon,LAC,RB,12,2018
Dalvin Cook,MIN,RB,13,2018
Julio Jones,ATL,WR,14,2018
Christian McCaffrey,CAR,RB,15,2018
Michael Thomas,NOS,WR,16,2018
Davante Adams,GBP,WR,17,2018
Keenan Allen,LAC,WR,18,2018
Aaron Rodgers,GBP,QB,19,2018
Rob Gronkowski,NEP,TE,20,2018
Mike Evans,TBB,WR,21,2018
Joe Mixon,CIN,RB,22,2018
Travis Kelce,KCC,TE,23,2018
Tyreek Hill,KCC,WR,24,2018
Jordan Howard,CHI,RB,25,2018
Stefon Diggs,MIN,WR,26,2018
LeSean McCoy,BUF,RB,27,2018
T.Y. Hilton,IND,WR,28,2018
Deshaun Watson,HOU,QB,29,2018
Amari Cooper,DAL,WR,30,2018
Adam Thielen,MIN,WR,31,2018
Zach Ertz,PHI,TE,32,2018
Jarvis Landry,CLE,WR,33,2018
Tom Brady,NEP,QB,34,2018
JuJu Smith-Schuster,PIT,WR,35,2018
Russell Wilson,SEA,QB,36,2018
Larry Fitzgerald,ARI,WR,37,2018
Doug Baldwin,SEA,WR,38,2018
Brandin Cooks,LAR,WR,39,2018
Kenyan Drake,MIA,RB,40,2018
Allen Robinson,CHI,WR,41,2018
Derrick Henry,TEN,RB,42,2018
Lamar Miller,HOU,RB,43,2018
Cam Newton,CAR,QB,44,2018
Royce Freeman,DEN,RB,45,2018
Jimmy Graham,GBP,TE,46,2018
Golden Tate,PHI,WR,47,2018
Chris Hogan,NEP,WR,48,2018
Drew Brees,NOS,QB,49,2018
Evan Engram,NYG,TE,50,2018
Mark Ingram,NOS,RB,51,2018
Corey Davis,TEN,WR,52,2018
Alshon Jeffery,PHI,WR,53,2018
Carson Wentz,PHI,QB,54,2018
Sony Michel,NEP,RB,55,2018
Jamaal Williams,GBP,RB,56,2018
Sammy Watkins,KCC,WR,57,2018
Dion Lewis,TEN,RB,58,2018
Julian Edelman,NEP,WR,59,2018
Kirk Cousins,MIN,QB,60,2018
Tevin Coleman,ATL,RB,61,2018
Michael Crabtree,BAL,WR,62,2018
Rex Burkhead,NEP,RB,63,2018
Carlos Hyde,JAC,RB,64,2018
Kyle Rudolph,MIN,TE,65,2018
Andrew Luck,IND,QB,66,2018
Rashaad Penny,SEA,RB,67,2018
Marquise Goodwin,SFO,WR,68,2018
Jordy Nelson,OAK,WR,69,2018
Matthew Stafford,DET,QB,70,2018
Robert Woods,LAR,WR,71,2018
Trey Burton,CHI,TE,72,2018
Ben Roethlisberger,PIT,QB,73,2018
Tarik Cohen,CHI,RB,74,2018
Devin Funchess,CAR,WR,75,2018
Philip Rivers,LAC,QB,76,2018
Duke Johnson,CLE,RB,77,2018
Matt Ryan,ATL,QB,78,2018
Marlon Mack,IND,RB,79,2018
Ronald Jones,TBB,RB,80,2018
Jared Goff,LAR,QB,81,2018
DeVante Parker,MIA,WR,82,2018
Robby Anderson,NYJ,WR,83,2018
Chris Thompson,WAS,RB,84,2018
Jamison Crowder,WAS,WR,85,2018
Adrian Peterson,WAS,RB,86,2018
Patrick Mahomes,KCC,QB,87,2018
Nelson Agholor,PHI,WR,88,2018
Chris Carson,SEA,RB,89,2018
Randall Cobb,GBP,WR,90,2018
David Njoku,CLE,TE,91,2018
Sterling Shepard,NYG,WR,92,2018
Peyton Barber,TBB,RB,93,2018
Kenny Stills,MIA,WR,94,2018
Nick Chubb,CLE,RB,95,2018
Justin Tucker,BAL,PK,96,2018
Dak Prescott,DAL,QB,97,2018
Marcus Mariota,TEN,QB,98,2018
James White,NEP,RB,99,2018
Alfred Morris,SFO,RB,100,2018
Kelvin Benjamin,KCC,WR,101,2018
Stephen Gostkowski,NEP,PK,102,2018
D.J. Moore,CAR,WR,103,2018
Calvin Ridley,ATL,WR,104,2018
Derek Carr,OAK,QB,105,2018
Keelan Cole,JAC,WR,106,2018
Greg Zuerlein,LAR,PK,107,2018
George Kittle,SFO,TE,108,2018
Mike Williams,LAC,WR,109,2018
Giovani Bernard,CIN,RB,110,2018
C.J. Anderson,LAR,RB,111,2018
Devontae Booker,DEN,RB,112,2018
Jameis Winston,TBB,QB,113,2018
Kenny Golladay,DET,WR,114,2018
Josh Doctson,WAS,WR,115,2018
Latavius Murray,MIN,RB,116,2018
Ty Montgomery,BAL,RB,117,2018
Mitchell Trubisky,CHI,QB,118,2018
Michael Gallup,DAL,WR,119,2018
Blake Bortles,JAC,QB,120,2018
Harrison Butker,KCC,PK,121,2018
Tyler Lockett,SEA,WR,122,2018
Ted Ginn Jr.,NOS,WR,123,2018
Mohamed Sanu,ATL,WR,124,2018
Wil Lutz,NOS,PK,125,2018
Eli Manning,NYG,QB,126,2018
Anthony Miller,CHI,WR,127,2018
Case Keenum,DEN,QB,128,2018
D'Onta Foreman,HOU,RB,129,2018
Baker Mayfield,CLE,QB,130,2018
Chris Boswell,PIT,PK,131,2018
DeSean Jackson,TBB,WR,132,2018
Chris Godwin,TBB,WR,133,2018
Mike Gesicki,MIA,TE,134,2018
Eric Ebron,IND,TE,135,2018
Courtland Sutton,DEN,WR,136,2018
Matt Bryant,ATL,PK,137,2018
Lamar Jackson,BAL,QB,138,2018
Nyheim Hines,IND,RB,139,2018
Jake Elliott,PHI,PK,140,2018
Josh Rosen,ARI,QB,141,2018
Jared Cook,OAK,TE,142,2018
Sam Darnold,NYJ,QB,143,2018
Theo Riddick,DET,RB,144,2018
John Ross,CIN,WR,145,2018
Robbie Gould,SFO,PK,146,2018
Tyrell Williams,LAC,WR,147,2018
James Conner,PIT,RB,148,2018
Jordan Wilkins,IND,RB,149,2018
Tyrod Taylor,CLE,QB,150,2018
Vance McDonald,PIT,TE,151,2018
Cameron Brate,TBB,TE,152,2018
Ryan Tannehill,MIA,QB,153,2018
Javorius Allen,BAL,RB,154,2018
Charles Clay,BUF,TE,155,2018
Matt Prater,DET,PK,156,2018
Doug Martin,OAK,RB,157,2018
Hayden Hurst,BAL,TE,158,2018
Austin Hooper,ATL,TE,159,2018
Dede Westbrook,JAC,WR,160,2018
LeGarrette Blount,DET,RB,161,2018
James Washington,PIT,WR,162,2018
Joe Flacco,BAL,QB,163,2018
John Brown,BAL,WR,164,2018
T.J. Yeldon,JAC,RB,165,2018
Adam Vinatieri,IND,PK,166,2018
Dan Bailey,MIN,PK,167,2018
Antonio Gates,LAC,TE,168,2018
Austin Ekeler,LAC,RB,169,2018
Mason Crosby,GBP,PK,170,2018
Kalen Ballage,MIA,RB,171,2018
Ricky Seals-Jones,ARI,TE,172,2018
Spencer Ware,KCC,RB,173,2018
Josh Allen,BUF,QB,174,2018
Dallas Goedert,PHI,TE,175,2018
Danny Amendola,MIA,WR,176,2018
Donte Moncrief,JAC,WR,177,2018
Ben Watson,NOS,TE,178,2018
Daniel Carlson,OAK,PK,179,2018
Sam Bradford,FA,QB,180,2018
Chris Ivory,BUF,RB,181,2018
Brandon McManus,DEN,PK,182,2018
Ryan Succop,TEN,PK,183,2018
Kenneth Dixon,BAL,RB,184,2018
Samaje Perine,WAS,RB,185,2018
Tre'Quan Smith,NOS,WR,186,2018
John Kelly,LAR,RB,187,2018
Cole Beasley,DAL,WR,188,2018
Chase Edmonds,ARI,RB,189,2018
Nick Vannett,SEA,TE,190,2018
Taywan Taylor,TEN,WR,191,2018
Vernon Davis,WAS,TE,192,2018
Ryan Grant,IND,WR,193,2018
Mike Wallace,PHI,WR,194,2018
Rod Smith,DAL,RB,195,2018
Ameer Abdullah,MIN,RB,196,2018
Jermaine Kearse,NYJ,WR,197,2018
Darren Sproles,PHI,RB,198,2018
